timestamp,vehicle_speed,target_speed,throttle_cmd,brake_cmd,pid_error,acceleration,fuel_consumption,engine_power
0.0000,0.0233,16.6700,100.0000,0.0000,16.6467,2.3333,0.0000,0.0817
0.1000,0.2420,16.6700,100.0000,0.0000,16.4280,2.1862,47.1196,0.8468
0.2000,0.4606,16.6700,100.0000,0.0000,16.2094,2.1861,36.6322,1.6120
0.3000,0.6792,16.6700,100.0000,0.0000,15.9908,2.1861,34.3788,2.3771
0.4000,0.8978,16.6700,100.0000,0.0000,15.7722,2.1859,33.5442,3.1422
0.5000,1.1164,16.6700,100.0000,0.0000,15.5536,2.1858,33.1460,3.9073
0.6000,1.3349,16.6700,100.0000,0.0000,15.3351,2.1857,32.9256,4.6723
0.7000,1.5535,16.6700,100.0000,0.0000,15.1165,2.1855,32.7909,5.4372
0.8000,1.7720,16.6700,100.0000,0.0000,14.8980,2.1852,32.7026,6.2021
0.9000,1.9905,16.6700,100.0000,0.0000,14.6795,2.1850,32.6417,6.9669
1.0000,2.2090,16.6700,100.0000,0.0000,14.4610,2.1847,32.5978,7.7316
1.1000,2.4275,16.6700,100.0000,0.0000,14.2425,2.1844,32.5652,8.4962
1.2000,2.6459,16.6700,100.0000,0.0000,14.0241,2.1841,32.5403,9.2606
1.3000,2.8643,16.6700,100.0000,0.0000,13.8057,2.1837,32.5209,10.0250
1.4000,3.0826,16.6700,100.0000,0.0000,13.5874,2.1833,32.5054,10.7892
1.5000,3.3009,16.6700,100.0000,0.0000,13.3691,2.1829,32.4929,11.5533
1.6000,3.5192,16.6700,100.0000,0.0000,13.1508,2.1824,32.4827,12.3172
1.7000,3.7374,16.6700,100.0000,0.0000,12.9326,2.1820,32.4741,13.0810
1.8000,3.9556,16.6700,100.0000,0.0000,12.7144,2.1814,32.4670,13.8446
1.9000,4.1737,16.6700,100.0000,0.0000,12.4963,2.1809,32.4609,14.6080
2.0000,4.3918,16.6700,100.0000,0.0000,12.2782,2.1803,32.4558,15.3712
2.1000,4.6098,16.6700,100.0000,0.0000,12.0602,2.1797,32.4513,16.1342
2.2000,4.8277,16.6700,100.0000,0.0000,11.8423,2.1791,32.4474,16.8970
2.3000,5.0456,16.6700,100.0000,0.0000,11.6244,2.1785,32.4441,17.6595
2.4000,5.2634,16.6700,100.0000,0.0000,11.4066,2.1778,32.4411,18.4219
2.5000,5.4811,16.6700,100.0000,0.0000,11.1889,2.1771,32.4385,19.1840
2.6000,5.6988,16.6700,100.0000,0.0000,10.9712,2.1763,32.4361,19.9458
2.7000,5.9164,16.6700,100.0000,0.0000,10.7536,2.1755,32.4341,20.7073
2.8000,6.1339,16.6700,100.0000,0.0000,10.5361,2.1747,32.4322,21.4686
2.9000,6.3513,16.6700,100.0000,0.0000,10.3187,2.1739,32.4305,22.2296
3.0000,6.5687,16.6700,100.0000,0.0000,10.1013,2.1731,32.4290,22.9903
3.1000,6.7859,16.6700,100.0000,0.0000,9.8841,2.1722,32.4277,23.7507
3.2000,7.0031,16.6700,100.0000,0.0000,9.6669,2.1713,32.4264,24.5108
3.3000,7.2202,16.6700,100.0000,0.0000,9.4498,2.1703,32.4253,25.2706
3.4000,7.4371,16.6700,100.0000,0.0000,9.2329,2.1693,32.4243,26.0300
3.5000,7.6540,16.6700,100.0000,0.0000,9.0160,2.1683,32.4233,26.7891
3.6000,7.8708,16.6700,100.0000,0.0000,8.7992,2.1673,32.4225,27.5478
3.7000,8.0875,16.6700,100.0000,0.0000,8.5825,2.1663,32.4217,28.3062
3.8000,8.3040,16.6700,100.0000,0.0000,8.3660,2.1652,32.4209,29.0641
3.9000,8.5201,16.6700,98.7705,0.0000,8.1499,2.1354,32.4171,29.4536
4.0000,8.7265,16.6700,93.3996,0.0000,7.9435,2.0090,32.3492,28.5269
4.1000,8.9210,16.6700,88.5209,0.0000,7.7490,1.8941,32.2074,27.6394
4.2000,9.1045,16.6700,84.0024,0.0000,7.5655,1.7876,32.0056,26.7680
4.3000,9.2778,16.6700,79.7889,0.0000,7.3922,1.6883,31.7543,25.9092
4.4000,9.4414,16.6700,75.8506,0.0000,7.2286,1.5955,31.4628,25.0648
4.5000,9.5962,16.6700,72.1664,0.0000,7.0738,1.5086,31.1388,24.2382
4.6000,9.7425,16.6700,68.7189,0.0000,6.9275,1.4273,30.7889,23.4323
4.7000,9.8810,16.6700,65.4923,0.0000,6.7890,1.3512,30.4187,22.6496
4.8000,10.0122,16.6700,62.4724,0.0000,6.6578,1.2799,30.0330,21.8919
4.9000,10.1365,16.6700,59.6455,0.0000,6.5335,1.2132,29.6360,21.1608
5.0000,10.2543,16.6700,56.9993,0.0000,6.4157,1.1507,29.2310,20.4571
5.1000,10.3661,16.6700,54.5220,0.0000,6.3039,1.0922,28.8210,19.7814
5.2000,10.4723,16.6700,52.2026,0.0000,6.1977,1.0374,28.4084,19.1338
5.3000,10.5732,16.6700,50.0309,0.0000,6.0968,0.9861,27.9954,18.5145
5.4000,10.6691,16.6700,47.9973,0.0000,6.0009,0.9380,27.5837,17.9231
5.5000,10.7604,16.6700,46.0929,0.0000,5.9096,0.8929,27.1747,17.3593
5.6000,10.8474,16.6700,44.3092,0.0000,5.8226,0.8508,26.7695,16.8223
5.7000,10.9302,16.6700,42.6385,0.0000,5.7398,0.8112,26.3693,16.3117
5.8000,11.0093,16.6700,41.0734,0.0000,5.6607,0.7742,25.9747,15.8266
5.9000,11.0848,16.6700,39.6071,0.0000,5.5852,0.7394,25.5865,15.3663
6.0000,11.1569,16.6700,38.2331,0.0000,5.5131,0.7069,25.2050,14.9297
6.1000,11.2259,16.6700,36.9455,0.0000,5.4441,0.6764,24.8308,14.5162
6.2000,11.2920,16.6700,35.7387,0.0000,5.3780,0.6477,24.4641,14.1246
6.3000,11.3553,16.6700,34.6074,0.0000,5.3147,0.6209,24.1051,13.7542
6.4000,11.4160,16.6700,33.5467,0.0000,5.2540,0.5957,23.7540,13.4039
6.5000,11.4742,16.6700,32.5521,0.0000,5.1958,0.5721,23.4108,13.0729
6.6000,11.5302,16.6700,31.6193,0.0000,5.1398,0.5500,23.0756,12.7602
6.7000,11.5840,16.6700,30.7443,0.0000,5.0860,0.5292,22.7484,12.4650
6.8000,11.6359,16.6700,29.9232,0.0000,5.0341,0.5096,22.4291,12.1864
6.9000,11.6858,16.6700,29.1528,0.0000,4.9842,0.4913,22.1177,11.9236
7.0000,11.7340,16.6700,28.4295,0.0000,4.9360,0.4741,21.8141,11.6757
7.1000,11.7805,16.6700,27.7505,0.0000,4.8895,0.4579,21.5181,11.4420
7.2000,11.8254,16.6700,27.1128,0.0000,4.8446,0.4427,21.2297,11.2217
7.3000,11.8689,16.6700,26.5138,0.0000,4.8011,0.4284,20.9487,11.0142
7.4000,11.9110,16.6700,25.9510,0.0000,4.7590,0.4150,20.6749,10.8186
7.5000,11.9518,16.6700,25.4219,0.0000,4.7182,0.4023,20.4082,10.6343
7.6000,11.9914,16.6700,24.9245,0.0000,4.6786,0.3904,20.1484,10.4608
7.7000,12.0298,16.6700,24.4568,0.0000,4.6402,0.3792,19.8953,10.2973
7.8000,12.0671,16.6700,24.0166,0.0000,4.6029,0.3687,19.6488,10.1434
7.9000,12.1035,16.6700,23.6024,0.0000,4.5665,0.3587,19.4087,9.9985
8.0000,12.1388,16.6700,23.2124,0.0000,4.5312,0.3494,19.1749,9.8620
8.1000,12.1733,16.6700,22.8451,0.0000,4.4967,0.3405,18.9471,9.7335
8.2000,12.2068,16.6700,22.4990,0.0000,4.4632,0.3322,18.7252,9.6125
8.3000,12.2396,16.6700,22.1727,0.0000,4.4304,0.3244,18.5090,9.4985
8.4000,12.2717,16.6700,21.8650,0.0000,4.3983,0.3169,18.2983,9.3912
8.5000,12.3030,16.6700,21.5746,0.0000,4.3670,0.3099,18.0931,9.2901
8.6000,12.3336,16.6700,21.3005,0.0000,4.3364,0.3033,17.8930,9.1949
8.7000,12.3636,16.6700,21.0416,0.0000,4.3064,0.2970,17.6980,9.1052
8.8000,12.3929,16.6700,20.7970,0.0000,4.2771,0.2911,17.5079,9.0208
8.9000,12.4217,16.6700,20.5656,0.0000,4.2483,0.2855,17.3226,8.9411
9.0000,12.4500,16.6700,20.3468,0.0000,4.2200,0.2802,17.1419,8.8661
9.1000,12.4777,16.6700,20.1396,0.0000,4.1923,0.2751,16.9657,8.7954
9.2000,12.5050,16.6700,19.9433,0.0000,4.1650,0.2703,16.7938,8.7287
9.3000,12.5318,16.6700,19.7572,0.0000,4.1382,0.2658,16.6261,8.6657
9.4000,12.5581,16.6700,19.5808,0.0000,4.1119,0.2615,16.4625,8.6064
9.5000,12.5840,16.6700,19.4132,0.0000,4.0860,0.2573,16.3028,8.5504
9.6000,12.6095,16.6700,19.2541,0.0000,4.0605,0.2534,16.1469,8.4975
9.7000,12.6347,16.6700,19.1029,0.0000,4.0353,0.2497,15.9948,8.4475
9.8000,12.6594,16.6700,18.9590,0.0000,4.0106,0.2462,15.8462,8.4004
9.9000,12.6839,16.6700,18.8220,0.0000,3.9861,0.2428,15.7011,8.3558
10.0000,12.7080,16.6700,18.6915,0.0000,3.9620,0.2395,15.5593,8.3136
10.1000,12.7318,16.6700,18.5670,0.0000,3.9382,0.2365,15.4208,8.2737
10.2000,12.7552,16.6700,18.4482,0.0000,3.9148,0.2335,15.2855,8.2359
10.3000,12.7784,16.6700,18.3347,0.0000,3.8916,0.2307,15.1532,8.2001
10.4000,12.8013,16.6700,18.2262,0.0000,3.8687,0.2280,15.0239,8.1662
10.5000,12.8240,16.6700,18.1224,0.0000,3.8460,0.2254,14.8975,8.1341
10.6000,12.8464,16.6700,18.0230,0.0000,3.8236,0.2229,14.7738,8.1036
10.7000,12.8685,16.6700,17.9277,0.0000,3.8015,0.2205,14.6529,8.0746
10.8000,12.8905,16.6700,17.8362,0.0000,3.7795,0.2182,14.5346,8.0471
10.9000,12.9122,16.6700,17.7484,0.0000,3.7578,0.2159,14.4188,8.0209
11.0000,12.9336,16.6700,17.6639,0.0000,3.7364,0.2138,14.3055,7.9961
11.1000,12.9549,16.6700,17.5826,0.0000,3.7151,0.2117,14.1946,7.9724
11.2000,12.9760,16.6700,17.5044,0.0000,3.6940,0.2097,14.0860,7.9498
11.3000,12.9968,16.6700,17.4289,0.0000,3.6732,0.2078,13.9797,7.9282
11.4000,13.0175,16.6700,17.3561,0.0000,3.6525,0.2059,13.8756,7.9077
11.5000,13.0380,16.6700,17.2858,0.0000,3.6320,0.2041,13.7735,7.8880
11.6000,13.0583,16.6700,17.2178,0.0000,3.6117,0.2024,13.6736,7.8692
11.7000,13.0785,16.6700,17.1519,0.0000,3.5915,0.2007,13.5756,7.8512
11.8000,13.0984,16.6700,17.0882,0.0000,3.5716,0.1990,13.4796,7.8340
11.9000,13.1183,16.6700,17.0264,0.0000,3.5517,0.1974,13.3855,7.8175
12.0000,13.1379,16.6700,16.9664,0.0000,3.5321,0.1959,13.2932,7.8016
12.1000,13.1574,16.6700,16.9081,0.0000,3.5126,0.1944,13.2027,7.7864
12.2000,13.1768,16.6700,16.8515,0.0000,3.4932,0.1929,13.1139,7.7717
12.3000,13.1960,16.6700,16.7964,0.0000,3.4740,0.1915,13.0268,7.7576
12.4000,13.2151,16.6700,16.7427,0.0000,3.4549,0.1900,12.9413,7.7440
12.5000,13.2340,16.6700,16.6904,0.0000,3.4360,0.1887,12.8575,7.7308
12.6000,13.2528,16.6700,16.6393,0.0000,3.4172,0.1873,12.7752,7.7181
12.7000,13.2714,16.6700,16.5895,0.0000,3.3986,0.1860,12.6944,7.7058
12.8000,13.2900,16.6700,16.5408,0.0000,3.3800,0.1847,12.6150,7.6939
12.9000,13.3084,16.6700,16.4932,0.0000,3.3616,0.1835,12.5371,7.6824
13.0000,13.3267,16.6700,16.4466,0.0000,3.3433,0.1822,12.4606,7.6712
13.1000,13.3448,16.6700,16.4010,0.0000,3.3252,0.1810,12.3854,7.6604
13.2000,13.3628,16.6700,16.3563,0.0000,3.3072,0.1798,12.3115,7.6498
13.3000,13.3808,16.6700,16.3125,0.0000,3.2892,0.1787,12.2389,7.6396
13.4000,13.3986,16.6700,16.2694,0.0000,3.2714,0.1775,12.1676,7.6295
13.5000,13.4163,16.6700,16.2272,0.0000,3.2537,0.1764,12.0975,7.6198
13.6000,13.4338,16.6700,16.1857,0.0000,3.2362,0.1753,12.0286,7.6103
13.7000,13.4513,16.6700,16.1449,0.0000,3.2187,0.1742,11.9608,7.6009
13.8000,13.4687,16.6700,16.1048,0.0000,3.2013,0.1731,11.8941,7.5918
13.9000,13.4859,16.6700,16.0653,0.0000,3.1841,0.1720,11.8286,7.5829
14.0000,13.5030,16.6700,16.0264,0.0000,3.1670,0.1710,11.7641,7.5742
14.1000,13.5201,16.6700,15.9881,0.0000,3.1499,0.1699,11.7006,7.5656
14.2000,13.5370,16.6700,15.9503,0.0000,3.1330,0.1689,11.6382,7.5572
14.3000,13.5539,16.6700,15.9131,0.0000,3.1161,0.1679,11.5768,7.5489
14.4000,13.5706,16.6700,15.8763,0.0000,3.0994,0.1669,11.5163,7.5408
14.5000,13.5872,16.6700,15.8401,0.0000,3.0828,0.1659,11.4568,7.5328
14.6000,13.6038,16.6700,15.8043,0.0000,3.0662,0.1650,11.3982,7.5249
14.7000,13.6202,16.6700,15.7689,0.0000,3.0498,0.1640,11.3405,7.5172
14.8000,13.6366,16.6700,15.7340,0.0000,3.0334,0.1630,11.2836,7.5095
14.9000,13.6528,16.6700,15.6995,0.0000,3.0172,0.1621,11.2277,7.5020
15.0000,13.6690,16.6700,15.6653,0.0000,3.0010,0.1612,11.1725,7.4945
15.1000,13.6850,16.6700,15.6316,0.0000,2.9850,0.1602,11.1182,7.4871
15.2000,13.7010,16.6700,15.5981,0.0000,2.9690,0.1593,11.0647,7.4799
15.3000,13.7169,16.6700,15.5651,0.0000,2.9531,0.1584,11.0120,7.4727
15.4000,13.7327,16.6700,15.5324,0.0000,2.9373,0.1575,10.9600,7.4655
15.5000,13.7484,16.6700,15.5000,0.0000,2.9216,0.1566,10.9088,7.4585
15.6000,13.7640,16.6700,15.4679,0.0000,2.9060,0.1558,10.8583,7.4515
15.7000,13.7795,16.6700,15.4361,0.0000,2.8905,0.1549,10.8086,7.4446
15.8000,13.7950,16.6700,15.4046,0.0000,2.8750,0.1540,10.7595,7.4377
15.9000,13.8103,16.6700,15.3733,0.0000,2.8597,0.1532,10.7111,7.4309
16.0000,13.8256,16.6700,15.3424,0.0000,2.8444,0.1523,10.6634,7.4241
16.1000,13.8408,16.6700,15.3117,0.0000,2.8292,0.1515,10.6163,7.4174
16.2000,13.8559,16.6700,15.2813,0.0000,2.8141,0.1506,10.5699,7.4108
16.3000,13.8709,16.6700,15.2511,0.0000,2.7991,0.1498,10.5241,7.4041
16.4000,13.8858,16.6700,15.2212,0.0000,2.7842,0.1490,10.4789,7.3976
16.5000,13.9007,16.6700,15.1915,0.0000,2.7693,0.1482,10.4343,7.3910
16.6000,13.9155,16.6700,15.1621,0.0000,2.7545,0.1473,10.3903,7.3846
16.7000,13.9302,16.6700,15.1328,0.0000,2.7398,0.1465,10.3469,7.3781
16.8000,13.9448,16.6700,15.1038,0.0000,2.7252,0.1457,10.3040,7.3717
16.9000,13.9593,16.6700,15.0750,0.0000,2.7107,0.1449,10.2617,7.3653
17.0000,13.9737,16.6700,15.0465,0.0000,2.6963,0.1441,10.2200,7.3589
17.1000,13.9881,16.6700,15.0181,0.0000,2.6819,0.1434,10.1787,7.3526
17.2000,14.0024,16.6700,14.9899,0.0000,2.6676,0.1426,10.1380,7.3463
17.3000,14.0166,16.6700,14.9619,0.0000,2.6534,0.1418,10.0978,7.3401
17.4000,14.0308,16.6700,14.9341,0.0000,2.6392,0.1410,10.0581,7.3338
17.5000,14.0448,16.6700,14.9066,0.0000,2.6252,0.1403,10.0189,7.3276
17.6000,14.0588,16.6700,14.8792,0.0000,2.6112,0.1395,9.9802,7.3214
17.7000,14.0727,16.6700,14.8519,0.0000,2.5973,0.1388,9.9419,7.3152
17.8000,14.0866,16.6700,14.8249,0.0000,2.5834,0.1380,9.9041,7.3091
17.9000,14.1003,16.6700,14.7980,0.0000,2.5697,0.1373,9.8667,7.3030
18.0000,14.1140,16.6700,14.7714,0.0000,2.5560,0.1365,9.8298,7.2969
18.1000,14.1276,16.6700,14.7448,0.0000,2.5424,0.1358,9.7933,7.2908
18.2000,14.1411,16.6700,14.7185,0.0000,2.5289,0.1351,9.7573,7.2848
18.3000,14.1546,16.6700,14.6923,0.0000,2.5154,0.1343,9.7217,7.2787
18.4000,14.1680,16.6700,14.6663,0.0000,2.5020,0.1336,9.6864,7.2727
18.5000,14.1813,16.6700,14.6405,0.0000,2.4887,0.1329,9.6516,7.2667
18.6000,14.1946,16.6700,14.6148,0.0000,2.4754,0.1322,9.6172,7.2608
18.7000,14.2078,16.6700,14.5892,0.0000,2.4622,0.1315,9.5832,7.2548
18.8000,14.2209,16.6700,14.5639,0.0000,2.4491,0.1308,9.5496,7.2489
18.9000,14.2339,16.6700,14.5387,0.0000,2.4361,0.1300,9.5163,7.2430
19.0000,14.2469,16.6700,14.5136,0.0000,2.4231,0.1294,9.4834,7.2371
19.1000,14.2598,16.6700,14.4887,0.0000,2.4102,0.1287,9.4509,7.2312
19.2000,14.2726,16.6700,14.4639,0.0000,2.3974,0.1280,9.4187,7.2253
19.3000,14.2853,16.6700,14.4393,0.0000,2.3847,0.1273,9.3869,7.2195
19.4000,14.2980,16.6700,14.4148,0.0000,2.3720,0.1266,9.3554,7.2136
19.5000,14.3107,16.6700,14.3905,0.0000,2.3593,0.1259,9.3242,7.2078
19.6000,14.3232,16.6700,14.3663,0.0000,2.3468,0.1252,9.2934,7.2020
19.7000,14.3357,16.6700,14.3423,0.0000,2.3343,0.1246,9.2629,7.1962
19.8000,14.3481,16.6700,14.3184,0.0000,2.3219,0.1239,9.2328,7.1905
19.9000,14.3605,16.6700,14.2946,0.0000,2.3095,0.1232,9.2029,7.1847
20.0000,14.3728,16.6700,14.2710,0.0000,2.2972,0.1226,9.1734,7.1790
20.1000,14.3850,16.6700,14.2475,0.0000,2.2850,0.1219,9.1441,7.1733
20.2000,14.3971,16.6700,14.2242,0.0000,2.2729,0.1213,9.1152,7.1676
20.3000,14.4092,16.6700,14.2009,0.0000,2.2608,0.1206,9.0866,7.1619
20.4000,14.4213,16.6700,14.1779,0.0000,2.2487,0.1200,9.0582,7.1562
20.5000,14.4332,16.6700,14.1549,0.0000,2.2368,0.1193,9.0302,7.1505
20.6000,14.4451,16.6700,14.1321,0.0000,2.2249,0.1187,9.0024,7.1449
20.7000,14.4570,16.6700,14.1094,0.0000,2.2130,0.1181,8.9749,7.1393
20.8000,14.4687,16.6700,14.0869,0.0000,2.2013,0.1174,8.9476,7.1337
20.9000,14.4804,16.6700,14.0644,0.0000,2.1896,0.1168,8.9207,7.1281
21.0000,14.4921,16.6700,14.0421,0.0000,2.1779,0.1162,8.8940,7.1225
21.1000,14.5037,16.6700,14.0199,0.0000,2.1663,0.1156,8.8675,7.1169
21.2000,14.5152,16.6700,13.9979,0.0000,2.1548,0.1150,8.8414,7.1114
21.3000,14.5267,16.6700,13.9760,0.0000,2.1433,0.1143,8.8154,7.1058
21.4000,14.5381,16.6700,13.9542,0.0000,2.1319,0.1137,8.7897,7.1003
21.5000,14.5494,16.6700,13.9325,0.0000,2.1206,0.1131,8.7643,7.0948
21.6000,14.5607,16.6700,13.9109,0.0000,2.1093,0.1125,8.7391,7.0893
21.7000,14.5719,16.6700,13.8895,0.0000,2.0981,0.1119,8.7141,7.0839
21.8000,14.5831,16.6700,13.8682,0.0000,2.0869,0.1113,8.6894,7.0784
21.9000,14.5942,16.6700,13.8470,0.0000,2.0758,0.1107,8.6649,7.0730
22.0000,14.6052,16.6700,13.8259,0.0000,2.0648,0.1101,8.6406,7.0675
22.1000,14.6162,16.6700,13.8049,0.0000,2.0538,0.1095,8.6166,7.0621
22.2000,14.6271,16.6700,13.7841,0.0000,2.0429,0.1090,8.5927,7.0567
22.3000,14.6380,16.6700,13.7633,0.0000,2.0320,0.1084,8.5691,7.0514
22.4000,14.6488,16.6700,13.7427,0.0000,2.0212,0.1078,8.5457,7.0460
22.5000,14.6595,16.6700,13.7222,0.0000,2.0105,0.1072,8.5225,7.0406
22.6000,14.6702,16.6700,13.7018,0.0000,1.9998,0.1067,8.4995,7.0353
22.7000,14.6808,16.6700,13.6816,0.0000,1.9892,0.1061,8.4768,7.0300
22.8000,14.6914,16.6700,13.6614,0.0000,1.9786,0.1055,8.4542,7.0247
22.9000,14.7019,16.6700,13.6414,0.0000,1.9681,0.1050,8.4318,7.0194
23.0000,14.7124,16.6700,13.6214,0.0000,1.9576,0.1044,8.4096,7.0141
23.1000,14.7228,16.6700,13.6016,0.0000,1.9472,0.1038,8.3876,7.0089
23.2000,14.7332,16.6700,13.5819,0.0000,1.9368,0.1033,8.3658,7.0036
23.3000,14.7435,16.6700,13.5623,0.0000,1.9265,0.1027,8.3442,6.9984
23.4000,14.7537,16.6700,13.5428,0.0000,1.9163,0.1022,8.3228,6.9932
23.5000,14.7639,16.6700,13.5234,0.0000,1.9061,0.1017,8.3015,6.9880
23.6000,14.7740,16.6700,13.5041,0.0000,1.8960,0.1011,8.2805,6.9829
23.7000,14.7841,16.6700,13.4849,0.0000,1.8859,0.1006,8.2596,6.9777
23.8000,14.7942,16.6700,13.4658,0.0000,1.8758,0.1000,8.2389,6.9725
23.9000,14.8041,16.6700,13.4469,0.0000,1.8659,0.0995,8.2183,6.9674
24.0000,14.8140,16.6700,13.4280,0.0000,1.8560,0.0990,8.1980,6.9623
24.1000,14.8239,16.6700,13.4092,0.0000,1.8461,0.0984,8.1777,6.9572
24.2000,14.8337,16.6700,13.3906,0.0000,1.8363,0.0979,8.1577,6.9521
24.3000,14.8435,16.6700,13.3720,0.0000,1.8265,0.0974,8.1378,6.9471
24.4000,14.8532,16.6700,13.3536,0.0000,1.8168,0.0969,8.1181,6.9420
24.5000,14.8629,16.6700,13.3352,0.0000,1.8071,0.0964,8.0986,6.9370
24.6000,14.8725,16.6700,13.3170,0.0000,1.7975,0.0958,8.0792,6.9320
24.7000,14.8820,16.6700,13.2988,0.0000,1.7880,0.0953,8.0599,6.9270
24.8000,14.8915,16.6700,13.2808,0.0000,1.7785,0.0948,8.0409,6.9220
24.9000,14.9010,16.6700,13.2628,0.0000,1.7690,0.0943,8.0219,6.9170
25.0000,14.9104,16.6700,13.2450,0.0000,1.7596,0.0938,8.0031,6.9121
25.1000,14.9198,16.6700,13.2272,0.0000,1.7502,0.0933,7.9845,6.9071
25.2000,14.9291,16.6700,13.2096,0.0000,1.7409,0.0928,7.9660,6.9022
25.3000,14.9383,16.6700,13.1920,0.0000,1.7317,0.0923,7.9477,6.8973
25.4000,14.9475,16.6700,13.1746,0.0000,1.7225,0.0918,7.9295,6.8924
25.5000,14.9567,16.6700,13.1572,0.0000,1.7133,0.0914,7.9114,6.8876
25.6000,14.9658,16.6700,13.1399,0.0000,1.7042,0.0909,7.8935,6.8827
25.7000,14.9748,16.6700,13.1227,0.0000,1.6952,0.0904,7.8757,6.8779
25.8000,14.9839,16.6700,13.1057,0.0000,1.6861,0.0899,7.8581,6.8731
25.9000,14.9928,16.6700,13.0887,0.0000,1.6772,0.0894,7.8405,6.8683
26.0000,15.0017,16.6700,13.0718,0.0000,1.6683,0.0889,7.8231,6.8635
26.1000,15.0106,16.6700,13.0550,0.0000,1.6594,0.0885,7.8059,6.8587
26.2000,15.0194,16.6700,13.0383,0.0000,1.6506,0.0880,7.7888,6.8540
26.3000,15.0282,16.6700,13.0216,0.0000,1.6418,0.0875,7.7718,6.8492
26.4000,15.0369,16.6700,13.0051,0.0000,1.6331,0.0871,7.7549,6.8445
26.5000,15.0456,16.6700,12.9887,0.0000,1.6244,0.0866,7.7382,6.8398
26.6000,15.0542,16.6700,12.9723,0.0000,1.6158,0.0861,7.7215,6.8351
26.7000,15.0628,16.6700,12.9561,0.0000,1.6072,0.0857,7.7050,6.8304
26.8000,15.0714,16.6700,12.9399,0.0000,1.5986,0.0852,7.6886,6.8258
26.9000,15.0799,16.6700,12.9238,0.0000,1.5901,0.0848,7.6724,6.8211
27.0000,15.0883,16.6700,12.9078,0.0000,1.5817,0.0843,7.6562,6.8165
27.1000,15.0967,16.6700,12.8919,0.0000,1.5733,0.0839,7.6402,6.8119
27.2000,15.1051,16.6700,12.8761,0.0000,1.5649,0.0834,7.6243,6.8073
27.3000,15.1134,16.6700,12.8604,0.0000,1.5566,0.0830,7.6085,6.8027
27.4000,15.1217,16.6700,12.8447,0.0000,1.5483,0.0825,7.5928,6.7982
27.5000,15.1299,16.6700,12.8291,0.0000,1.5401,0.0821,7.5772,6.7936
27.6000,15.1381,16.6700,12.8137,0.0000,1.5319,0.0817,7.5618,6.7891
27.7000,15.1462,16.6700,12.7983,0.0000,1.5238,0.0812,7.5464,6.7846
27.8000,15.1543,16.6700,12.7830,0.0000,1.5157,0.0808,7.5311,6.7801
27.9000,15.1624,16.6700,12.7677,0.0000,1.5076,0.0804,7.5160,6.7756
28.0000,15.1704,16.6700,12.7526,0.0000,1.4996,0.0799,7.5010,6.7712
28.1000,15.1784,16.6700,12.7375,0.0000,1.4916,0.0795,7.4860,6.7667
28.2000,15.1863,16.6700,12.7226,0.0000,1.4837,0.0791,7.4712,6.7623
28.3000,15.1942,16.6700,12.7077,0.0000,1.4758,0.0787,7.4564,6.7579
28.4000,15.2020,16.6700,12.6929,0.0000,1.4680,0.0782,7.4418,6.7535
28.5000,15.2098,16.6700,12.6781,0.0000,1.4602,0.0778,7.4273,6.7491
28.6000,15.2176,16.6700,12.6635,0.0000,1.4524,0.0774,7.4128,6.7448
28.7000,15.2253,16.6700,12.6489,0.0000,1.4447,0.0770,7.3985,6.7404
28.8000,15.2330,16.6700,12.6344,0.0000,1.4370,0.0766,7.3843,6.7361
28.9000,15.2406,16.6700,12.6200,0.0000,1.4294,0.0762,7.3701,6.7318
29.0000,15.2482,16.6700,12.6056,0.0000,1.4218,0.0758,7.3561,6.7275
29.1000,15.2558,16.6700,12.5914,0.0000,1.4142,0.0754,7.3421,6.7232
29.2000,15.2633,16.6700,12.5772,0.0000,1.4067,0.0750,7.3282,6.7189
29.3000,15.2708,16.6700,12.5631,0.0000,1.3992,0.0746,7.3144,6.7147
29.4000,15.2782,16.6700,12.5491,0.0000,1.3918,0.0742,7.3008,6.7105
29.5000,15.2856,16.6700,12.5351,0.0000,1.3844,0.0738,7.2872,6.7062
29.6000,15.2930,16.6700,12.5212,0.0000,1.3770,0.0734,7.2737,6.7020
29.7000,15.3003,16.6700,12.5074,0.0000,1.3697,0.0730,7.2602,6.6979
29.8000,15.3076,16.6700,12.4937,0.0000,1.3624,0.0726,7.2469,6.6937
29.9000,15.3148,16.6700,12.4801,0.0000,1.3552,0.0722,7.2337,6.6895
30.0000,15.3220,16.6700,12.4665,0.0000,1.3480,0.0718,7.2205,6.6854
30.1000,15.3292,16.6700,12.4530,0.0000,1.3408,0.0715,7.2074,6.6813
30.2000,15.3363,16.6700,12.4396,0.0000,1.3337,0.0711,7.1944,6.6772
30.3000,15.3434,16.6700,12.4262,0.0000,1.3266,0.0707,7.1815,6.6731
30.4000,15.3504,16.6700,12.4129,0.0000,1.3196,0.0703,7.1687,6.6690
30.5000,15.3574,16.6700,12.3997,0.0000,1.3126,0.0700,7.1559,6.6650
30.6000,15.3644,16.6700,12.3866,0.0000,1.3056,0.0696,7.1432,6.6609
30.7000,15.3714,16.6700,12.3735,0.0000,1.2986,0.0692,7.1306,6.6569
30.8000,15.3783,16.6700,12.3605,0.0000,1.2917,0.0688,7.1181,6.6529
30.9000,15.3851,16.6700,12.3476,0.0000,1.2849,0.0685,7.1057,6.6489
31.0000,15.3920,16.6700,12.3347,0.0000,1.2780,0.0681,7.0933,6.6450
31.1000,15.3987,16.6700,12.3220,0.0000,1.2713,0.0678,7.0810,6.6410
31.2000,15.4055,16.6700,12.3092,0.0000,1.2645,0.0674,7.0688,6.6370
31.3000,15.4122,16.6700,12.2966,0.0000,1.2578,0.0670,7.0567,6.6331
31.4000,15.4189,16.6700,12.2840,0.0000,1.2511,0.0667,7.0446,6.6292
31.5000,15.4255,16.6700,12.2715,0.0000,1.2445,0.0663,7.0327,6.6253
31.6000,15.4322,16.6700,12.2591,0.0000,1.2378,0.0660,7.0207,6.6214
31.7000,15.4387,16.6700,12.2467,0.0000,1.2313,0.0656,7.0089,6.6176
31.8000,15.4453,16.6700,12.2344,0.0000,1.2247,0.0653,6.9971,6.6137
31.9000,15.4518,16.6700,12.2221,0.0000,1.2182,0.0649,6.9854,6.6099
32.0000,15.4583,16.6700,12.2100,0.0000,1.2117,0.0646,6.9738,6.6061
32.1000,15.4647,16.6700,12.1979,0.0000,1.2053,0.0642,6.9622,6.6023
32.2000,15.4711,16.6700,12.1858,0.0000,1.1989,0.0639,6.9507,6.5985
32.3000,15.4775,16.6700,12.1738,0.0000,1.1925,0.0635,6.9393,6.5947
32.4000,15.4838,16.6700,12.1619,0.0000,1.1862,0.0632,6.9280,6.5910
32.5000,15.4901,16.6700,12.1501,0.0000,1.1799,0.0629,6.9167,6.5872
32.6000,15.4964,16.6700,12.1383,0.0000,1.1736,0.0625,6.9054,6.5835
32.7000,15.5026,16.6700,12.1266,0.0000,1.1674,0.0622,6.8943,6.5798
32.8000,15.5088,16.6700,12.1149,0.0000,1.1612,0.0619,6.8832,6.5761
32.9000,15.5150,16.6700,12.1033,0.0000,1.1550,0.0615,6.8722,6.5724
33.0000,15.5211,16.6700,12.0918,0.0000,1.1489,0.0612,6.8612,6.5687
33.1000,15.5272,16.6700,12.0803,0.0000,1.1428,0.0609,6.8503,6.5651
33.2000,15.5333,16.6700,12.0689,0.0000,1.1367,0.0606,6.8394,6.5615
33.3000,15.5393,16.6700,12.0576,0.0000,1.1307,0.0602,6.8287,6.5578
33.4000,15.5454,16.6700,12.0463,0.0000,1.1246,0.0599,6.8179,6.5542
33.5000,15.5513,16.6700,12.0351,0.0000,1.1187,0.0596,6.8073,6.5506
33.6000,15.5573,16.6700,12.0239,0.0000,1.1127,0.0593,6.7967,6.5471
33.7000,15.5632,16.6700,12.0128,0.0000,1.1068,0.0590,6.7862,6.5435
33.8000,15.5691,16.6700,12.0018,0.0000,1.1009,0.0587,6.7757,6.5400
33.9000,15.5749,16.6700,11.9908,0.0000,1.0951,0.0584,6.7653,6.5364
34.0000,15.5807,16.6700,11.9799,0.0000,1.0893,0.0580,6.7549,6.5329
34.1000,15.5865,16.6700,11.9690,0.0000,1.0835,0.0577,6.7446,6.5294
34.2000,15.5923,16.6700,11.9582,0.0000,1.0777,0.0574,6.7343,6.5259
34.3000,15.5980,16.6700,11.9475,0.0000,1.0720,0.0571,6.7242,6.5225
34.4000,15.6037,16.6700,11.9368,0.0000,1.0663,0.0568,6.7140,6.5190
34.5000,15.6094,16.6700,11.9262,0.0000,1.0606,0.0565,6.7039,6.5156
34.6000,15.6150,16.6700,11.9156,0.0000,1.0550,0.0562,6.6939,6.5122
34.7000,15.6206,16.6700,11.9051,0.0000,1.0494,0.0559,6.6840,6.5088
34.8000,15.6262,16.6700,11.8946,0.0000,1.0438,0.0556,6.6740,6.5054
34.9000,15.6317,16.6700,11.8842,0.0000,1.0383,0.0553,6.6642,6.5020
35.0000,15.6372,16.6700,11.8739,0.0000,1.0328,0.0550,6.6544,6.4986
35.1000,15.6427,16.6700,11.8636,0.0000,1.0273,0.0547,6.6446,6.4953
35.2000,15.6482,16.6700,11.8534,0.0000,1.0218,0.0544,6.6349,6.4919
35.3000,15.6536,16.6700,11.8432,0.0000,1.0164,0.0542,6.6253,6.4886
35.4000,15.6590,16.6700,11.8331,0.0000,1.0110,0.0539,6.6157,6.4853
35.5000,15.6644,16.6700,11.8230,0.0000,1.0056,0.0536,6.6061,6.4820
35.6000,15.6697,16.6700,11.8130,0.0000,1.0003,0.0533,6.5967,6.4787
35.7000,15.6750,16.6700,11.8030,0.0000,0.9950,0.0530,6.5872,6.4754
35.8000,15.6803,16.6700,11.7931,0.0000,0.9897,0.0527,6.5778,6.4722
35.9000,15.6856,16.6700,11.7833,0.0000,0.9844,0.0524,6.5685,6.4690
36.0000,15.6908,16.6700,11.7735,0.0000,0.9792,0.0522,6.5592,6.4657
36.1000,15.6960,16.6700,11.7637,0.0000,0.9740,0.0519,6.5499,6.4625
36.2000,15.7012,16.6700,11.7540,0.0000,0.9688,0.0516,6.5407,6.4593
36.3000,15.7063,16.6700,11.7444,0.0000,0.9637,0.0513,6.5316,6.4561
36.4000,15.7114,16.6700,11.7348,0.0000,0.9586,0.0511,6.5225,6.4530
36.5000,15.7165,16.6700,11.7253,0.0000,0.9535,0.0508,6.5134,6.4498
36.6000,15.7216,16.6700,11.7158,0.0000,0.9484,0.0505,6.5044,6.4467
36.7000,15.7266,16.6700,11.7063,0.0000,0.9434,0.0503,6.4955,6.4436
36.8000,15.7317,16.6700,11.6970,0.0000,0.9383,0.0500,6.4866,6.4404
36.9000,15.7366,16.6700,11.6876,0.0000,0.9334,0.0497,6.4777,6.4373
37.0000,15.7416,16.6700,11.6783,0.0000,0.9284,0.0495,6.4689,6.4343
37.1000,15.7465,16.6700,11.6691,0.0000,0.9235,0.0492,6.4601,6.4312
37.2000,15.7514,16.6700,11.6599,0.0000,0.9186,0.0489,6.4514,6.4281
37.3000,15.7563,16.6700,11.6508,0.0000,0.9137,0.0487,6.4427,6.4251
37.4000,15.7612,16.6700,11.6417,0.0000,0.9088,0.0484,6.4340,6.4220
37.5000,15.7660,16.6700,11.6327,0.0000,0.9040,0.0482,6.4254,6.4190
37.6000,15.7708,16.6700,11.6237,0.0000,0.8992,0.0479,6.4169,6.4160
37.7000,15.7756,16.6700,11.6148,0.0000,0.8944,0.0476,6.4084,6.4130
37.8000,15.7803,16.6700,11.6059,0.0000,0.8897,0.0474,6.3999,6.4101
37.9000,15.7850,16.6700,11.5970,0.0000,0.8850,0.0471,6.3915,6.4071
38.0000,15.7897,16.6700,11.5882,0.0000,0.8803,0.0469,6.3831,6.4041
38.1000,15.7944,16.6700,11.5795,0.0000,0.8756,0.0466,6.3747,6.4012
38.2000,15.7991,16.6700,11.5708,0.0000,0.8709,0.0464,6.3664,6.3983
38.3000,15.8037,16.6700,11.5621,0.0000,0.8663,0.0461,6.3582,6.3954
38.4000,15.8083,16.6700,11.5535,0.0000,0.8617,0.0459,6.3499,6.3925
38.5000,15.8129,16.6700,11.5450,0.0000,0.8571,0.0457,6.3418,6.3896
38.6000,15.8174,16.6700,11.5365,0.0000,0.8526,0.0454,6.3336,6.3867
38.7000,15.8220,16.6700,11.5280,0.0000,0.8480,0.0452,6.3255,6.3838
38.8000,15.8265,16.6700,11.5196,0.0000,0.8435,0.0449,6.3175,6.3810
38.9000,15.8309,16.6700,11.5112,0.0000,0.8391,0.0447,6.3094,6.3782
39.0000,15.8354,16.6700,11.5029,0.0000,0.8346,0.0445,6.3015,6.3753
39.1000,15.8398,16.6700,11.4946,0.0000,0.8302,0.0442,6.2935,6.3725
39.2000,15.8442,16.6700,11.4864,0.0000,0.8258,0.0440,6.2856,6.3697
39.3000,15.8486,16.6700,11.4782,0.0000,0.8214,0.0438,6.2777,6.3670
39.4000,15.8530,16.6700,11.4700,0.0000,0.8170,0.0435,6.2699,6.3642
39.5000,15.8573,16.6700,11.4619,0.0000,0.8127,0.0433,6.2621,6.3614
39.6000,15.8616,16.6700,11.4538,0.0000,0.8084,0.0431,6.2544,6.3587
39.7000,15.8659,16.6700,11.4458,0.0000,0.8041,0.0428,6.2466,6.3560
39.8000,15.8702,16.6700,11.4378,0.0000,0.7998,0.0426,6.2390,6.3532
39.9000,15.8745,16.6700,11.4299,0.0000,0.7955,0.0424,6.2313,6.3505
40.0000,15.8787,16.6700,11.4220,0.0000,0.7913,0.0422,6.2237,6.3478
40.1000,15.8829,16.6700,11.4142,0.0000,0.7871,0.0419,6.2161,6.3451
40.2000,15.8871,16.6700,11.4064,0.0000,0.7829,0.0417,6.2086,6.3425
40.3000,15.8912,16.6700,11.3986,0.0000,0.7788,0.0415,6.2011,6.3398
40.4000,15.8954,16.6700,11.3909,0.0000,0.7746,0.0413,6.1936,6.3372
40.5000,15.8995,16.6700,11.3832,0.0000,0.7705,0.0410,6.1862,6.3345
40.6000,15.9036,16.6700,11.3755,0.0000,0.7664,0.0408,6.1788,6.3319
40.7000,15.9076,16.6700,11.3679,0.0000,0.7624,0.0406,6.1714,6.3293
40.8000,15.9117,16.6700,11.3604,0.0000,0.7583,0.0404,6.1641,6.3267
40.9000,15.9157,16.6700,11.3529,0.0000,0.7543,0.0402,6.1568,6.3241
41.0000,15.9197,16.6700,11.3454,0.0000,0.7503,0.0400,6.1496,6.3215
41.1000,15.9237,16.6700,11.3380,0.0000,0.7463,0.0398,6.1423,6.3190
41.2000,15.9277,16.6700,11.3306,0.0000,0.7423,0.0395,6.1351,6.3164
41.3000,15.9316,16.6700,11.3232,0.0000,0.7384,0.0393,6.1280,6.3139
41.4000,15.9355,16.6700,11.3159,0.0000,0.7345,0.0391,6.1209,6.3114
41.5000,15.9394,16.6700,11.3086,0.0000,0.7306,0.0389,6.1138,6.3088
41.6000,15.9433,16.6700,11.3014,0.0000,0.7267,0.0387,6.1067,6.3063
41.7000,15.9472,16.6700,11.2942,0.0000,0.7228,0.0385,6.0997,6.3039
41.8000,15.9510,16.6700,11.2870,0.0000,0.7190,0.0383,6.0927,6.3014
41.9000,15.9548,16.6700,11.2799,0.0000,0.7152,0.0381,6.0857,6.2989
42.0000,15.9586,16.6700,11.2728,0.0000,0.7114,0.0379,6.0788,6.2964
42.1000,15.9624,16.6700,11.2657,0.0000,0.7076,0.0377,6.0719,6.2940
42.2000,15.9662,16.6700,11.2587,0.0000,0.7038,0.0375,6.0650,6.2916
42.3000,15.9699,16.6700,11.2518,0.0000,0.7001,0.0373,6.0582,6.2891
42.4000,15.9736,16.6700,11.2448,0.0000,0.6964,0.0371,6.0513,6.2867
42.5000,15.9773,16.6700,11.2379,0.0000,0.6927,0.0369,6.0446,6.2843
42.6000,15.9810,16.6700,11.2311,0.0000,0.6890,0.0367,6.0378,6.2819
42.7000,15.9847,16.6700,11.2243,0.0000,0.6853,0.0365,6.0311,6.2796
42.8000,15.9883,16.6700,11.2175,0.0000,0.6817,0.0363,6.0244,6.2772
42.9000,15.9919,16.6700,11.2107,0.0000,0.6781,0.0361,6.0177,6.2748
43.0000,15.9955,16.6700,11.2040,0.0000,0.6745,0.0359,6.0111,6.2725
43.1000,15.9991,16.6700,11.1973,0.0000,0.6709,0.0357,6.0045,6.2702
43.2000,16.0027,16.6700,11.1907,0.0000,0.6673,0.0355,5.9979,6.2678
43.3000,16.0062,16.6700,11.1841,0.0000,0.6638,0.0354,5.9914,6.2655
43.4000,16.0097,16.6700,11.1775,0.0000,0.6603,0.0352,5.9849,6.2632
43.5000,16.0132,16.6700,11.1710,0.0000,0.6568,0.0350,5.9784,6.2609
43.6000,16.0167,16.6700,11.1645,0.0000,0.6533,0.0348,5.9719,6.2586
43.7000,16.0202,16.6700,11.1580,0.0000,0.6498,0.0346,5.9655,6.2564
43.8000,16.0236,16.6700,11.1516,0.0000,0.6464,0.0344,5.9591,6.2541
43.9000,16.0271,16.6700,11.1452,0.0000,0.6429,0.0342,5.9527,6.2519
44.0000,16.0305,16.6700,11.1388,0.0000,0.6395,0.0341,5.9464,6.2496
44.1000,16.0339,16.6700,11.1325,0.0000,0.6361,0.0339,5.9401,6.2474
44.2000,16.0373,16.6700,11.1262,0.0000,0.6327,0.0337,5.9338,6.2452
44.3000,16.0406,16.6700,11.1200,0.0000,0.6294,0.0335,5.9275,6.2430
44.4000,16.0440,16.6700,11.1137,0.0000,0.6260,0.0333,5.9213,6.2408
44.5000,16.0473,16.6700,11.1075,0.0000,0.6227,0.0332,5.9151,6.2386
44.6000,16.0506,16.6700,11.1014,0.0000,0.6194,0.0330,5.9089,6.2364
44.7000,16.0539,16.6700,11.0953,0.0000,0.6161,0.0328,5.9027,6.2343
44.8000,16.0572,16.6700,11.0892,0.0000,0.6128,0.0326,5.8966,6.2321
44.9000,16.0604,16.6700,11.0831,0.0000,0.6096,0.0325,5.8905,6.2300
45.0000,16.0637,16.6700,11.0771,0.0000,0.6063,0.0323,5.8844,6.2278
45.1000,16.0669,16.6700,11.0711,0.0000,0.6031,0.0321,5.8783,6.2257
45.2000,16.0701,16.6700,11.0651,0.0000,0.5999,0.0320,5.8723,6.2236
45.3000,16.0733,16.6700,11.0592,0.0000,0.5967,0.0318,5.8663,6.2215
45.4000,16.0764,16.6700,11.0533,0.0000,0.5936,0.0316,5.8603,6.2194
45.5000,16.0796,16.6700,11.0474,0.0000,0.5904,0.0314,5.8544,6.2173
45.6000,16.0827,16.6700,11.0416,0.0000,0.5873,0.0313,5.8484,6.2153
45.7000,16.0858,16.6700,11.0358,0.0000,0.5842,0.0311,5.8425,6.2132
45.8000,16.0889,16.6700,11.0300,0.0000,0.5811,0.0309,5.8367,6.2111
45.9000,16.0920,16.6700,11.0243,0.0000,0.5780,0.0308,5.8308,6.2091
46.0000,16.0951,16.6700,11.0185,0.0000,0.5749,0.0306,5.8250,6.2071
46.1000,16.0981,16.6700,11.0129,0.0000,0.5719,0.0305,5.8192,6.2050
46.2000,16.1012,16.6700,11.0072,0.0000,0.5688,0.0303,5.8134,6.2030
46.3000,16.1042,16.6700,11.0016,0.0000,0.5658,0.0301,5.8076,6.2010
46.4000,16.1072,16.6700,10.9960,0.0000,0.5628,0.0300,5.8019,6.1990
46.5000,16.1102,16.6700,10.9904,0.0000,0.5598,0.0298,5.7962,6.1970
46.6000,16.1132,16.6700,10.9849,0.0000,0.5568,0.0297,5.7905,6.1951
46.7000,16.1161,16.6700,10.9794,0.0000,0.5539,0.0295,5.7848,6.1931
46.8000,16.1191,16.6700,10.9739,0.0000,0.5509,0.0293,5.7792,6.1911
46.9000,16.1220,16.6700,10.9685,0.0000,0.5480,0.0292,5.7736,6.1892
47.0000,16.1249,16.6700,10.9631,0.0000,0.5451,0.0290,5.7680,6.1873
47.1000,16.1278,16.6700,10.9577,0.0000,0.5422,0.0289,5.7624,6.1853
47.2000,16.1307,16.6700,10.9523,0.0000,0.5393,0.0287,5.7569,6.1834
47.3000,16.1335,16.6700,10.9470,0.0000,0.5365,0.0286,5.7513,6.1815
47.4000,16.1364,16.6700,10.9417,0.0000,0.5336,0.0284,5.7458,6.1796
47.5000,16.1392,16.6700,10.9365,0.0000,0.5308,0.0283,5.7403,6.1777
47.6000,16.1420,16.6700,10.9312,0.0000,0.5280,0.0281,5.7349,6.1758
47.7000,16.1448,16.6700,10.9260,0.0000,0.5252,0.0280,5.7294,6.1739
47.8000,16.1476,16.6700,10.9208,0.0000,0.5224,0.0278,5.7240,6.1721
47.9000,16.1504,16.6700,10.9157,0.0000,0.5196,0.0277,5.7186,6.1702
48.0000,16.1532,16.6700,10.9105,0.0000,0.5168,0.0275,5.7133,6.1684
48.1000,16.1559,16.6700,10.9054,0.0000,0.5141,0.0274,5.7079,6.1665
48.2000,16.1586,16.6700,10.9003,0.0000,0.5114,0.0272,5.7026,6.1647
48.3000,16.1614,16.6700,10.8953,0.0000,0.5086,0.0271,5.6973,6.1629
48.4000,16.1641,16.6700,10.8903,0.0000,0.5059,0.0269,5.6920,6.1611
48.5000,16.1667,16.6700,10.8853,0.0000,0.5033,0.0268,5.6867,6.1593
48.6000,16.1694,16.6700,10.8803,0.0000,0.5006,0.0267,5.6815,6.1575
48.7000,16.1721,16.6700,10.8754,0.0000,0.4979,0.0265,5.6762,6.1557
48.8000,16.1747,16.6700,10.8705,0.0000,0.4953,0.0264,5.6710,6.1539
48.9000,16.1773,16.6700,10.8656,0.0000,0.4927,0.0262,5.6658,6.1522
49.0000,16.1800,16.6700,10.8607,0.0000,0.4900,0.0261,5.6607,6.1504
49.1000,16.1826,16.6700,10.8559,0.0000,0.4874,0.0260,5.6555,6.1487
49.2000,16.1852,16.6700,10.8511,0.0000,0.4848,0.0258,5.6504,6.1469
49.3000,16.1877,16.6700,10.8463,0.0000,0.4823,0.0257,5.6453,6.1452
49.4000,16.1903,16.6700,10.8415,0.0000,0.4797,0.0255,5.6402,6.1435
49.5000,16.1928,16.6700,10.8368,0.0000,0.4772,0.0254,5.6351,6.1417
49.6000,16.1954,16.6700,10.8321,0.0000,0.4746,0.0253,5.6301,6.1400
49.7000,16.1979,16.6700,10.8274,0.0000,0.4721,0.0251,5.6251,6.1383
49.8000,16.2004,16.6700,10.8227,0.0000,0.4696,0.0250,5.6201,6.1366
49.9000,16.2029,16.6700,10.8181,0.0000,0.4671,0.0249,5.6151,6.1350
50.0000,16.2054,16.6700,10.8135,0.0000,0.4646,0.0247,5.6101,6.1333
50.1000,16.2078,16.6700,10.8089,0.0000,0.4622,0.0246,5.6052,6.1316
50.2000,16.2103,16.6700,10.8044,0.0000,0.4597,0.0245,5.6002,6.1300
50.3000,16.2127,16.6700,10.7998,0.0000,0.4573,0.0243,5.5953,6.1283
50.4000,16.2152,16.6700,10.7953,0.0000,0.4548,0.0242,5.5904,6.1267
50.5000,16.2176,16.6700,10.7908,0.0000,0.4524,0.0241,5.5856,6.1250
50.6000,16.2200,16.6700,10.7864,0.0000,0.4500,0.0240,5.5807,6.1234
50.7000,16.2224,16.6700,10.7819,0.0000,0.4476,0.0238,5.5759,6.1218
50.8000,16.2247,16.6700,10.7775,0.0000,0.4453,0.0237,5.5710,6.1202
50.9000,16.2271,16.6700,10.7731,0.0000,0.4429,0.0236,5.5662,6.1186
51.0000,16.2295,16.6700,10.7688,0.0000,0.4405,0.0235,5.5615,6.1170
51.1000,16.2318,16.6700,10.7644,0.0000,0.4382,0.0233,5.5567,6.1154
51.2000,16.2341,16.6700,10.7601,0.0000,0.4359,0.0232,5.5520,6.1138
51.3000,16.2364,16.6700,10.7558,0.0000,0.4336,0.0231,5.5472,6.1123
51.4000,16.2387,16.6700,10.7515,0.0000,0.4313,0.0230,5.5425,6.1107
51.5000,16.2410,16.6700,10.7473,0.0000,0.4290,0.0228,5.5378,6.1091
51.6000,16.2433,16.6700,10.7431,0.0000,0.4267,0.0227,5.5332,6.1076
51.7000,16.2456,16.6700,10.7389,0.0000,0.4244,0.0226,5.5285,6.1061
51.8000,16.2478,16.6700,10.7347,0.0000,0.4222,0.0225,5.5239,6.1045
51.9000,16.2501,16.6700,10.7305,0.0000,0.4199,0.0224,5.5192,6.1030
52.0000,16.2523,16.6700,10.7264,0.0000,0.4177,0.0222,5.5146,6.1015
52.1000,16.2545,16.6700,10.7223,0.0000,0.4155,0.0221,5.5100,6.1000
52.2000,16.2567,16.6700,10.7182,0.0000,0.4133,0.0220,5.5055,6.0985
52.3000,16.2589,16.6700,10.7141,0.0000,0.4111,0.0219,5.5009,6.0970
52.4000,16.2611,16.6700,10.7100,0.0000,0.4089,0.0218,5.4964,6.0955
52.5000,16.2633,16.6700,10.7060,0.0000,0.4067,0.0217,5.4918,6.0940
52.6000,16.2654,16.6700,10.7020,0.0000,0.4046,0.0215,5.4873,6.0925
52.7000,16.2676,16.6700,10.6980,0.0000,0.4024,0.0214,5.4829,6.0911
52.8000,16.2697,16.6700,10.6940,0.0000,0.4003,0.0213,5.4784,6.0896
52.9000,16.2718,16.6700,10.6901,0.0000,0.3982,0.0212,5.4739,6.0882
53.0000,16.2739,16.6700,10.6862,0.0000,0.3961,0.0211,5.4695,6.0867
53.1000,16.2761,16.6700,10.6823,0.0000,0.3939,0.0210,5.4651,6.0853
53.2000,16.2781,16.6700,10.6784,0.0000,0.3919,0.0209,5.4607,6.0839
53.3000,16.2802,16.6700,10.6745,0.0000,0.3898,0.0208,5.4563,6.0824
53.4000,16.2823,16.6700,10.6707,0.0000,0.3877,0.0206,5.4519,6.0810
53.5000,16.2844,16.6700,10.6669,0.0000,0.3856,0.0205,5.4475,6.0796
53.6000,16.2864,16.6700,10.6631,0.0000,0.3836,0.0204,5.4432,6.0782
53.7000,16.2884,16.6700,10.6593,0.0000,0.3816,0.0203,5.4389,6.0768
53.8000,16.2905,16.6700,10.6555,0.0000,0.3795,0.0202,5.4346,6.0754
53.9000,16.2925,16.6700,10.6518,0.0000,0.3775,0.0201,5.4303,6.0741
54.0000,16.2945,16.6700,10.6481,0.0000,0.3755,0.0200,5.4260,6.0727
54.1000,16.2965,16.6700,10.6444,0.0000,0.3735,0.0199,5.4217,6.0713
54.2000,16.2985,16.6700,10.6407,0.0000,0.3715,0.0198,5.4175,6.0700
54.3000,16.3004,16.6700,10.6371,0.0000,0.3696,0.0197,5.4132,6.0686
54.4000,16.3024,16.6700,10.6334,0.0000,0.3676,0.0196,5.4090,6.0673
54.5000,16.3043,16.6700,10.6298,0.0000,0.3657,0.0195,5.4048,6.0659
54.6000,16.3063,16.6700,10.6262,0.0000,0.3637,0.0194,5.4006,6.0646
54.7000,16.3082,16.6700,10.6226,0.0000,0.3618,0.0193,5.3964,6.0633
54.8000,16.3101,16.6700,10.6191,0.0000,0.3599,0.0192,5.3923,6.0619
54.9000,16.3120,16.6700,10.6155,0.0000,0.3580,0.0191,5.3881,6.0606
55.0000,16.3139,16.6700,10.6120,0.0000,0.3561,0.0190,5.3840,6.0593
55.1000,16.3158,16.6700,10.6085,0.0000,0.3542,0.0189,5.3799,6.0580
55.2000,16.3177,16.6700,10.6050,0.0000,0.3523,0.0188,5.3758,6.0567
55.3000,16.3196,16.6700,10.6015,0.0000,0.3504,0.0187,5.3717,6.0554
55.4000,16.3214,16.6700,10.5981,0.0000,0.3486,0.0186,5.3676,6.0542
55.5000,16.3233,16.6700,10.5947,0.0000,0.3467,0.0185,5.3636,6.0529
55.6000,16.3251,16.6700,10.5912,0.0000,0.3449,0.0184,5.3595,6.0516
55.7000,16.3270,16.6700,10.5878,0.0000,0.3430,0.0183,5.3555,6.0504
55.8000,16.3288,16.6700,10.5845,0.0000,0.3412,0.0182,5.3515,6.0491
55.9000,16.3306,16.6700,10.5811,0.0000,0.3394,0.0181,5.3475,6.0479
56.0000,16.3324,16.6700,10.5778,0.0000,0.3376,0.0180,5.3435,6.0466
56.1000,16.3342,16.6700,10.5744,0.0000,0.3358,0.0179,5.3395,6.0454
56.2000,16.3360,16.6700,10.5711,0.0000,0.3340,0.0178,5.3356,6.0441
56.3000,16.3378,16.6700,10.5679,0.0000,0.3322,0.0177,5.3316,6.0429
56.4000,16.3395,16.6700,10.5646,0.0000,0.3305,0.0176,5.3277,6.0417
56.5000,16.3413,16.6700,10.5613,0.0000,0.3287,0.0175,5.3238,6.0405
56.6000,16.3430,16.6700,10.5581,0.0000,0.3270,0.0174,5.3198,6.0393
56.7000,16.3448,16.6700,10.5549,0.0000,0.3252,0.0173,5.3160,6.0381
56.8000,16.3465,16.6700,10.5517,0.0000,0.3235,0.0172,5.3121,6.0369
56.9000,16.3482,16.6700,10.5485,0.0000,0.3218,0.0171,5.3082,6.0357
57.0000,16.3499,16.6700,10.5453,0.0000,0.3201,0.0170,5.3044,6.0345
57.1000,16.3516,16.6700,10.5422,0.0000,0.3184,0.0170,5.3005,6.0334
57.2000,16.3533,16.6700,10.5391,0.0000,0.3167,0.0169,5.2967,6.0322
57.3000,16.3550,16.6700,10.5359,0.0000,0.3150,0.0168,5.2929,6.0310
57.4000,16.3566,16.6700,10.5328,0.0000,0.3134,0.0167,5.2891,6.0299
57.5000,16.3583,16.6700,10.5298,0.0000,0.3117,0.0166,5.2853,6.0287
57.6000,16.3600,16.6700,10.5267,0.0000,0.3100,0.0165,5.2815,6.0276
57.7000,16.3616,16.6700,10.5236,0.0000,0.3084,0.0164,5.2778,6.0264
57.8000,16.3633,16.6700,10.5206,0.0000,0.3067,0.0163,5.2740,6.0253
57.9000,16.3649,16.6700,10.5176,0.0000,0.3051,0.0162,5.2703,6.0242
58.0000,16.3665,16.6700,10.5146,0.0000,0.3035,0.0162,5.2665,6.0230
58.1000,16.3681,16.6700,10.5116,0.0000,0.3019,0.0161,5.2628,6.0219
58.2000,16.3697,16.6700,10.5086,0.0000,0.3003,0.0160,5.2591,6.0208
58.3000,16.3713,16.6700,10.5057,0.0000,0.2987,0.0159,5.2555,6.0197
58.4000,16.3729,16.6700,10.5027,0.0000,0.2971,0.0158,5.2518,6.0186
58.5000,16.3745,16.6700,10.4998,0.0000,0.2955,0.0157,5.2481,6.0175
58.6000,16.3760,16.6700,10.4969,0.0000,0.2940,0.0157,5.2445,6.0164
58.7000,16.3776,16.6700,10.4940,0.0000,0.2924,0.0156,5.2408,6.0153
58.8000,16.3792,16.6700,10.4912,0.0000,0.2908,0.0155,5.2372,6.0143
58.9000,16.3807,16.6700,10.4883,0.0000,0.2893,0.0154,5.2336,6.0132
59.0000,16.3822,16.6700,10.4854,0.0000,0.2878,0.0153,5.2300,6.0121
59.1000,16.3838,16.6700,10.4826,0.0000,0.2862,0.0152,5.2264,6.0111
59.2000,16.3853,16.6700,10.4798,0.0000,0.2847,0.0152,5.2228,6.0100
59.3000,16.3868,16.6700,10.4770,0.0000,0.2832,0.0151,5.2193,6.0090
59.4000,16.3883,16.6700,10.4742,0.0000,0.2817,0.0150,5.2157,6.0079
59.5000,16.3898,16.6700,10.4714,0.0000,0.2802,0.0149,5.2122,6.0069
59.6000,16.3913,16.6700,10.4687,0.0000,0.2787,0.0148,5.2086,6.0058
59.7000,16.3928,16.6700,10.4660,0.0000,0.2772,0.0148,5.2051,6.0048
59.8000,16.3942,16.6700,10.4632,0.0000,0.2758,0.0147,5.2016,6.0038
59.9000,16.3957,16.6700,10.4605,0.0000,0.2743,0.0146,5.1981,6.0028
60.0000,16.3971,16.6700,10.4578,0.0000,0.2729,0.0145,5.1946,6.0017
60.1000,16.3986,16.6700,10.4551,0.0000,0.2714,0.0144,5.1912,6.0007
60.2000,16.4000,16.6700,10.4525,0.0000,0.2700,0.0144,5.1877,5.9997
60.3000,16.4015,16.6700,10.4498,0.0000,0.2685,0.0143,5.1843,5.9987
60.4000,16.4029,16.6700,10.4472,0.0000,0.2671,0.0142,5.1808,5.9977
60.5000,16.4043,16.6700,10.4446,0.0000,0.2657,0.0141,5.1774,5.9967
60.6000,16.4057,16.6700,10.4419,0.0000,0.2643,0.0141,5.1740,5.9958
60.7000,16.4071,16.6700,10.4393,0.0000,0.2629,0.0140,5.1706,5.9948
60.8000,16.4085,16.6700,10.4368,0.0000,0.2615,0.0139,5.1672,5.9938
60.9000,16.4099,16.6700,10.4342,0.0000,0.2601,0.0138,5.1638,5.9928
61.0000,16.4113,16.6700,10.4316,0.0000,0.2587,0.0138,5.1604,5.9919
61.1000,16.4127,16.6700,10.4291,0.0000,0.2573,0.0137,5.1571,5.9909
61.2000,16.4140,16.6700,10.4266,0.0000,0.2560,0.0136,5.1537,5.9900
61.3000,16.4154,16.6700,10.4240,0.0000,0.2546,0.0136,5.1504,5.9890
61.4000,16.4167,16.6700,10.4215,0.0000,0.2533,0.0135,5.1470,5.9881
61.5000,16.4181,16.6700,10.4191,0.0000,0.2519,0.0134,5.1437,5.9871
61.6000,16.4194,16.6700,10.4166,0.0000,0.2506,0.0133,5.1404,5.9862
61.7000,16.4208,16.6700,10.4141,0.0000,0.2492,0.0133,5.1371,5.9853
61.8000,16.4221,16.6700,10.4117,0.0000,0.2479,0.0132,5.1338,5.9843
61.9000,16.4234,16.6700,10.4092,0.0000,0.2466,0.0131,5.1306,5.9834
62.0000,16.4247,16.6700,10.4068,0.0000,0.2453,0.0131,5.1273,5.9825
62.1000,16.4260,16.6700,10.4044,0.0000,0.2440,0.0130,5.1240,5.9816
62.2000,16.4273,16.6700,10.4020,0.0000,0.2427,0.0129,5.1208,5.9807
62.3000,16.4286,16.6700,10.3996,0.0000,0.2414,0.0129,5.1176,5.9798
62.4000,16.4299,16.6700,10.3972,0.0000,0.2401,0.0128,5.1143,5.9789
62.5000,16.4311,16.6700,10.3949,0.0000,0.2389,0.0127,5.1111,5.9780
62.6000,16.4324,16.6700,10.3925,0.0000,0.2376,0.0126,5.1079,5.9771
62.7000,16.4337,16.6700,10.3902,0.0000,0.2363,0.0126,5.1047,5.9762
62.8000,16.4349,16.6700,10.3879,0.0000,0.2351,0.0125,5.1015,5.9753
62.9000,16.4362,16.6700,10.3856,0.0000,0.2338,0.0124,5.0984,5.9745
63.0000,16.4374,16.6700,10.3833,0.0000,0.2326,0.0124,5.0952,5.9736
63.1000,16.4386,16.6700,10.3810,0.0000,0.2314,0.0123,5.0921,5.9727
63.2000,16.4399,16.6700,10.3787,0.0000,0.2301,0.0123,5.0889,5.9719
63.3000,16.4411,16.6700,10.3765,0.0000,0.2289,0.0122,5.0858,5.9710
63.4000,16.4423,16.6700,10.3742,0.0000,0.2277,0.0121,5.0827,5.9702
63.5000,16.4435,16.6700,10.3720,0.0000,0.2265,0.0121,5.0795,5.9693
63.6000,16.4447,16.6700,10.3698,0.0000,0.2253,0.0120,5.0764,5.9685
63.7000,16.4459,16.6700,10.3675,0.0000,0.2241,0.0119,5.0733,5.9676
63.8000,16.4471,16.6700,10.3653,0.0000,0.2229,0.0119,5.0703,5.9668
63.9000,16.4483,16.6700,10.3632,0.0000,0.2217,0.0118,5.0672,5.9660
64.0000,16.4495,16.6700,10.3610,0.0000,0.2205,0.0117,5.0641,5.9651
64.1000,16.4506,16.6700,10.3588,0.0000,0.2194,0.0117,5.0611,5.9643
64.2000,16.4518,16.6700,10.3567,0.0000,0.2182,0.0116,5.0580,5.9635
64.3000,16.4530,16.6700,10.3545,0.0000,0.2170,0.0116,5.0550,5.9627
64.4000,16.4541,16.6700,10.3524,0.0000,0.2159,0.0115,5.0519,5.9619
64.5000,16.4553,16.6700,10.3503,0.0000,0.2147,0.0114,5.0489,5.9611
64.6000,16.4564,16.6700,10.3482,0.0000,0.2136,0.0114,5.0459,5.9603
64.7000,16.4575,16.6700,10.3461,0.0000,0.2125,0.0113,5.0429,5.9595
64.8000,16.4587,16.6700,10.3440,0.0000,0.2113,0.0113,5.0399,5.9587
64.9000,16.4598,16.6700,10.3419,0.0000,0.2102,0.0112,5.0369,5.9579
65.0000,16.4609,16.6700,10.3398,0.0000,0.2091,0.0111,5.0340,5.9571
65.1000,16.4620,16.6700,10.3378,0.0000,0.2080,0.0111,5.0310,5.9563
65.2000,16.4631,16.6700,10.3357,0.0000,0.2069,0.0110,5.0281,5.9555
65.3000,16.4642,16.6700,10.3337,0.0000,0.2058,0.0110,5.0251,5.9548
65.4000,16.4653,16.6700,10.3317,0.0000,0.2047,0.0109,5.0222,5.9540
65.5000,16.4664,16.6700,10.3297,0.0000,0.2036,0.0108,5.0192,5.9532
65.6000,16.4675,16.6700,10.3277,0.0000,0.2025,0.0108,5.0163,5.9525
65.7000,16.4685,16.6700,10.3257,0.0000,0.2015,0.0107,5.0134,5.9517
65.8000,16.4696,16.6700,10.3237,0.0000,0.2004,0.0107,5.0105,5.9510
65.9000,16.4707,16.6700,10.3217,0.0000,0.1993,0.0106,5.0076,5.9502
66.0000,16.4717,16.6700,10.3198,0.0000,0.1983,0.0106,5.0047,5.9495
66.1000,16.4728,16.6700,10.3178,0.0000,0.1972,0.0105,5.0019,5.9487
66.2000,16.4738,16.6700,10.3159,0.0000,0.1962,0.0104,4.9990,5.9480
66.3000,16.4749,16.6700,10.3140,0.0000,0.1951,0.0104,4.9961,5.9473
66.4000,16.4759,16.6700,10.3121,0.0000,0.1941,0.0103,4.9933,5.9465
66.5000,16.4769,16.6700,10.3102,0.0000,0.1931,0.0103,4.9905,5.9458
66.6000,16.4780,16.6700,10.3083,0.0000,0.1920,0.0102,4.9876,5.9451
66.7000,16.4790,16.6700,10.3064,0.0000,0.1910,0.0102,4.9848,5.9444
66.8000,16.4800,16.6700,10.3045,0.0000,0.1900,0.0101,4.9820,5.9436
66.9000,16.4810,16.6700,10.3026,0.0000,0.1890,0.0101,4.9792,5.9429
67.0000,16.4820,16.6700,10.3008,0.0000,0.1880,0.0100,4.9764,5.9422
67.1000,16.4830,16.6700,10.2989,0.0000,0.1870,0.0100,4.9736,5.9415
67.2000,16.4840,16.6700,10.2971,0.0000,0.1860,0.0099,4.9708,5.9408
67.3000,16.4850,16.6700,10.2953,0.0000,0.1850,0.0098,4.9680,5.9401
67.4000,16.4860,16.6700,10.2935,0.0000,0.1840,0.0098,4.9653,5.9394
67.5000,16.4870,16.6700,10.2917,0.0000,0.1830,0.0097,4.9625,5.9387
67.6000,16.4879,16.6700,10.2899,0.0000,0.1821,0.0097,4.9598,5.9380
67.7000,16.4889,16.6700,10.2881,0.0000,0.1811,0.0096,4.9570,5.9374
67.8000,16.4899,16.6700,10.2863,0.0000,0.1801,0.0096,4.9543,5.9367
67.9000,16.4908,16.6700,10.2845,0.0000,0.1792,0.0095,4.9516,5.9360
68.0000,16.4918,16.6700,10.2828,0.0000,0.1782,0.0095,4.9489,5.9353
68.1000,16.4927,16.6700,10.2810,0.0000,0.1773,0.0094,4.9461,5.9347
68.2000,16.4936,16.6700,10.2793,0.0000,0.1764,0.0094,4.9434,5.9340
68.3000,16.4946,16.6700,10.2775,0.0000,0.1754,0.0093,4.9407,5.9333
68.4000,16.4955,16.6700,10.2758,0.0000,0.1745,0.0093,4.9381,5.9327
68.5000,16.4964,16.6700,10.2741,0.0000,0.1736,0.0092,4.9354,5.9320
68.6000,16.4974,16.6700,10.2724,0.0000,0.1726,0.0092,4.9327,5.9314
68.7000,16.4983,16.6700,10.2707,0.0000,0.1717,0.0091,4.9301,5.9307
68.8000,16.4992,16.6700,10.2690,0.0000,0.1708,0.0091,4.9274,5.9301
68.9000,16.5001,16.6700,10.2674,0.0000,0.1699,0.0090,4.9248,5.9294
69.0000,16.5010,16.6700,10.2657,0.0000,0.1690,0.0090,4.9221,5.9288
69.1000,16.5019,16.6700,10.2640,0.0000,0.1681,0.0089,4.9195,5.9282
69.2000,16.5028,16.6700,10.2624,0.0000,0.1672,0.0089,4.9169,5.9275
69.3000,16.5037,16.6700,10.2607,0.0000,0.1663,0.0089,4.9143,5.9269
69.4000,16.5046,16.6700,10.2591,0.0000,0.1654,0.0088,4.9116,5.9263
69.5000,16.5054,16.6700,10.2575,0.0000,0.1646,0.0088,4.9090,5.9256
69.6000,16.5063,16.6700,10.2559,0.0000,0.1637,0.0087,4.9065,5.9250
69.7000,16.5072,16.6700,10.2543,0.0000,0.1628,0.0087,4.9039,5.9244
69.8000,16.5080,16.6700,10.2527,0.0000,0.1620,0.0086,4.9013,5.9238
69.9000,16.5089,16.6700,10.2511,0.0000,0.1611,0.0086,4.8987,5.9232
70.0000,16.5098,16.6700,10.2495,0.0000,0.1602,0.0085,4.8962,5.9226
70.1000,16.5106,16.6700,10.2479,0.0000,0.1594,0.0085,4.8936,5.9220
70.2000,16.5115,16.6700,10.2464,0.0000,0.1585,0.0084,4.8911,5.9214
70.3000,16.5123,16.6700,10.2448,0.0000,0.1577,0.0084,4.8885,5.9208
70.4000,16.5131,16.6700,10.2433,0.0000,0.1569,0.0084,4.8860,5.9202
70.5000,16.5140,16.6700,10.2417,0.0000,0.1560,0.0083,4.8835,5.9196
70.6000,16.5148,16.6700,10.2402,0.0000,0.1552,0.0083,4.8809,5.9190
70.7000,16.5156,16.6700,10.2387,0.0000,0.1544,0.0082,4.8784,5.9184
70.8000,16.5164,16.6700,10.2372,0.0000,0.1536,0.0082,4.8759,5.9178
70.9000,16.5173,16.6700,10.2356,0.0000,0.1527,0.0081,4.8734,5.9173
71.0000,16.5181,16.6700,10.2341,0.0000,0.1519,0.0081,4.8709,5.9167
71.1000,16.5189,16.6700,10.2327,0.0000,0.1511,0.0080,4.8685,5.9161
71.2000,16.5197,16.6700,10.2312,0.0000,0.1503,0.0080,4.8660,5.9155
71.3000,16.5205,16.6700,10.2297,0.0000,0.1495,0.0080,4.8635,5.9150
71.4000,16.5213,16.6700,10.2282,0.0000,0.1487,0.0079,4.8610,5.9144
71.5000,16.5221,16.6700,10.2268,0.0000,0.1479,0.0079,4.8586,5.9139
71.6000,16.5228,16.6700,10.2253,0.0000,0.1472,0.0078,4.8561,5.9133
71.7000,16.5236,16.6700,10.2239,0.0000,0.1464,0.0078,4.8537,5.9127
71.8000,16.5244,16.6700,10.2224,0.0000,0.1456,0.0078,4.8513,5.9122
71.9000,16.5252,16.6700,10.2210,0.0000,0.1448,0.0077,4.8488,5.9116
72.0000,16.5259,16.6700,10.2196,0.0000,0.1441,0.0077,4.8464,5.9111
72.1000,16.5267,16.6700,10.2182,0.0000,0.1433,0.0076,4.8440,5.9105
72.2000,16.5275,16.6700,10.2168,0.0000,0.1425,0.0076,4.8416,5.9100
72.3000,16.5282,16.6700,10.2154,0.0000,0.1418,0.0075,4.8392,5.9095
72.4000,16.5290,16.6700,10.2140,0.0000,0.1410,0.0075,4.8368,5.9089
72.5000,16.5297,16.6700,10.2126,0.0000,0.1403,0.0075,4.8344,5.9084
72.6000,16.5305,16.6700,10.2112,0.0000,0.1395,0.0074,4.8320,5.9079
72.7000,16.5312,16.6700,10.2099,0.0000,0.1388,0.0074,4.8297,5.9073
72.8000,16.5319,16.6700,10.2085,0.0000,0.1381,0.0073,4.8273,5.9068
72.9000,16.5327,16.6700,10.2071,0.0000,0.1373,0.0073,4.8249,5.9063
73.0000,16.5334,16.6700,10.2058,0.0000,0.1366,0.0073,4.8226,5.9058
73.1000,16.5341,16.6700,10.2045,0.0000,0.1359,0.0072,4.8202,5.9053
73.2000,16.5348,16.6700,10.2031,0.0000,0.1352,0.0072,4.8179,5.9048
73.3000,16.5356,16.6700,10.2018,0.0000,0.1344,0.0072,4.8155,5.9042
73.4000,16.5363,16.6700,10.2005,0.0000,0.1337,0.0071,4.8132,5.9037
73.5000,16.5370,16.6700,10.1992,0.0000,0.1330,0.0071,4.8109,5.9032
73.6000,16.5377,16.6700,10.1979,0.0000,0.1323,0.0070,4.8086,5.9027
73.7000,16.5384,16.6700,10.1966,0.0000,0.1316,0.0070,4.8063,5.9022
73.8000,16.5391,16.6700,10.1953,0.0000,0.1309,0.0070,4.8040,5.9017
73.9000,16.5398,16.6700,10.1940,0.0000,0.1302,0.0069,4.8017,5.9012
74.0000,16.5405,16.6700,10.1927,0.0000,0.1295,0.0069,4.7994,5.9007
74.1000,16.5412,16.6700,10.1915,0.0000,0.1288,0.0069,4.7971,5.9002
74.2000,16.5419,16.6700,10.1902,0.0000,0.1281,0.0068,4.7948,5.8998
74.3000,16.5425,16.6700,10.1889,0.0000,0.1275,0.0068,4.7925,5.8993
74.4000,16.5432,16.6700,10.1877,0.0000,0.1268,0.0067,4.7903,5.8988
74.5000,16.5439,16.6700,10.1864,0.0000,0.1261,0.0067,4.7880,5.8983
74.6000,16.5446,16.6700,10.1852,0.0000,0.1254,0.0067,4.7858,5.8978
74.7000,16.5452,16.6700,10.1840,0.0000,0.1248,0.0066,4.7835,5.8974
74.8000,16.5459,16.6700,10.1827,0.0000,0.1241,0.0066,4.7813,5.8969
74.9000,16.5465,16.6700,10.1815,0.0000,0.1235,0.0066,4.7790,5.8964
75.0000,16.5472,16.6700,10.1803,0.0000,0.1228,0.0065,4.7768,5.8960
75.1000,16.5478,16.6700,10.1791,0.0000,0.1222,0.0065,4.7746,5.8955
75.2000,16.5485,16.6700,10.1779,0.0000,0.1215,0.0065,4.7724,5.8950
75.3000,16.5491,16.6700,10.1767,0.0000,0.1209,0.0064,4.7702,5.8946
75.4000,16.5498,16.6700,10.1755,0.0000,0.1202,0.0064,4.7680,5.8941
75.5000,16.5504,16.6700,10.1744,0.0000,0.1196,0.0064,4.7658,5.8937
75.6000,16.5511,16.6700,10.1732,0.0000,0.1189,0.0063,4.7636,5.8932
75.7000,16.5517,16.6700,10.1720,0.0000,0.1183,0.0063,4.7614,5.8927
75.8000,16.5523,16.6700,10.1709,0.0000,0.1177,0.0063,4.7592,5.8923
75.9000,16.5529,16.6700,10.1697,0.0000,0.1171,0.0062,4.7570,5.8919
76.0000,16.5536,16.6700,10.1686,0.0000,0.1164,0.0062,4.7549,5.8914
76.1000,16.5542,16.6700,10.1674,0.0000,0.1158,0.0062,4.7527,5.8910
76.2000,16.5548,16.6700,10.1663,0.0000,0.1152,0.0061,4.7505,5.8905
76.3000,16.5554,16.6700,10.1652,0.0000,0.1146,0.0061,4.7484,5.8901
76.4000,16.5560,16.6700,10.1640,0.0000,0.1140,0.0061,4.7462,5.8897
76.5000,16.5566,16.6700,10.1629,0.0000,0.1134,0.0060,4.7441,5.8892
76.6000,16.5572,16.6700,10.1618,0.0000,0.1128,0.0060,4.7420,5.8888
76.7000,16.5578,16.6700,10.1607,0.0000,0.1122,0.0060,4.7398,5.8884
76.8000,16.5584,16.6700,10.1596,0.0000,0.1116,0.0059,4.7377,5.8879
76.9000,16.5590,16.6700,10.1585,0.0000,0.1110,0.0059,4.7356,5.8875
77.0000,16.5596,16.6700,10.1574,0.0000,0.1104,0.0059,4.7335,5.8871
77.1000,16.5602,16.6700,10.1563,0.0000,0.1098,0.0058,4.7314,5.8867
77.2000,16.5608,16.6700,10.1553,0.0000,0.1092,0.0058,4.7293,5.8863
77.3000,16.5613,16.6700,10.1542,0.0000,0.1087,0.0058,4.7272,5.8858
77.4000,16.5619,16.6700,10.1531,0.0000,0.1081,0.0058,4.7251,5.8854
77.5000,16.5625,16.6700,10.1521,0.0000,0.1075,0.0057,4.7230,5.8850
77.6000,16.5631,16.6700,10.1510,0.0000,0.1069,0.0057,4.7209,5.8846
77.7000,16.5636,16.6700,10.1500,0.0000,0.1064,0.0057,4.7188,5.8842
77.8000,16.5642,16.6700,10.1489,0.0000,0.1058,0.0056,4.7168,5.8838
77.9000,16.5648,16.6700,10.1479,0.0000,0.1052,0.0056,4.7147,5.8834
78.0000,16.5653,16.6700,10.1469,0.0000,0.1047,0.0056,4.7127,5.8830
78.1000,16.5659,16.6700,10.1458,0.0000,0.1041,0.0055,4.7106,5.8826
78.2000,16.5664,16.6700,10.1448,0.0000,0.1036,0.0055,4.7086,5.8822
78.3000,16.5670,16.6700,10.1438,0.0000,0.1030,0.0055,4.7065,5.8818
78.4000,16.5675,16.6700,10.1428,0.0000,0.1025,0.0055,4.7045,5.8814
78.5000,16.5681,16.6700,10.1418,0.0000,0.1019,0.0054,4.7024,5.8810
78.6000,16.5686,16.6700,10.1408,0.0000,0.1014,0.0054,4.7004,5.8807
78.7000,16.5691,16.6700,10.1398,0.0000,0.1009,0.0054,4.6984,5.8803
78.8000,16.5697,16.6700,10.1388,0.0000,0.1003,0.0053,4.6964,5.8799
78.9000,16.5702,16.6700,10.1378,0.0000,0.0998,0.0053,4.6944,5.8795
79.0000,16.5707,16.6700,10.1368,0.0000,0.0993,0.0053,4.6924,5.8791
79.1000,16.5713,16.6700,10.1359,0.0000,0.0987,0.0053,4.6904,5.8787
79.2000,16.5718,16.6700,10.1349,0.0000,0.0982,0.0052,4.6884,5.8784
79.3000,16.5723,16.6700,10.1339,0.0000,0.0977,0.0052,4.6864,5.8780
79.4000,16.5728,16.6700,10.1330,0.0000,0.0972,0.0052,4.6844,5.8776
79.5000,16.5733,16.6700,10.1320,0.0000,0.0967,0.0051,4.6824,5.8773
79.6000,16.5739,16.6700,10.1311,0.0000,0.0961,0.0051,4.6805,5.8769
79.7000,16.5744,16.6700,10.1301,0.0000,0.0956,0.0051,4.6785,5.8765
79.8000,16.5749,16.6700,10.1292,0.0000,0.0951,0.0051,4.6765,5.8762
79.9000,16.5754,16.6700,10.1283,0.0000,0.0946,0.0050,4.6746,5.8758
80.0000,16.5759,16.6700,10.1273,0.0000,0.0941,0.0050,4.6726,5.8754
80.1000,16.5764,16.6700,10.1264,0.0000,0.0936,0.0050,4.6707,5.8751
80.2000,16.5769,16.6700,10.1255,0.0000,0.0931,0.0050,4.6687,5.8747
80.3000,16.5774,16.6700,10.1246,0.0000,0.0926,0.0049,4.6668,5.8744
80.4000,16.5779,16.6700,10.1237,0.0000,0.0921,0.0049,4.6648,5.8740
80.5000,16.5784,16.6700,10.1228,0.0000,0.0916,0.0049,4.6629,5.8737
80.6000,16.5788,16.6700,10.1219,0.0000,0.0912,0.0049,4.6610,5.8733
80.7000,16.5793,16.6700,10.1210,0.0000,0.0907,0.0048,4.6591,5.8730
80.8000,16.5798,16.6700,10.1201,0.0000,0.0902,0.0048,4.6572,5.8726
80.9000,16.5803,16.6700,10.1192,0.0000,0.0897,0.0048,4.6552,5.8723
81.0000,16.5808,16.6700,10.1183,0.0000,0.0892,0.0048,4.6533,5.8719
81.1000,16.5812,16.6700,10.1175,0.0000,0.0888,0.0047,4.6514,5.8716
81.2000,16.5817,16.6700,10.1166,0.0000,0.0883,0.0047,4.6495,5.8713
81.3000,16.5822,16.6700,10.1157,0.0000,0.0878,0.0047,4.6477,5.8709
81.4000,16.5826,16.6700,10.1149,0.0000,0.0874,0.0047,4.6458,5.8706
81.5000,16.5831,16.6700,10.1140,0.0000,0.0869,0.0046,4.6439,5.8703
81.6000,16.5836,16.6700,10.1132,0.0000,0.0864,0.0046,4.6420,5.8699
81.7000,16.5840,16.6700,10.1123,0.0000,0.0860,0.0046,4.6401,5.8696
81.8000,16.5845,16.6700,10.1115,0.0000,0.0855,0.0046,4.6383,5.8693
81.9000,16.5849,16.6700,10.1106,0.0000,0.0851,0.0045,4.6364,5.8689
82.0000,16.5854,16.6700,10.1098,0.0000,0.0846,0.0045,4.6346,5.8686
82.1000,16.5858,16.6700,10.1090,0.0000,0.0842,0.0045,4.6327,5.8683
82.2000,16.5863,16.6700,10.1081,0.0000,0.0837,0.0045,4.6309,5.8680
82.3000,16.5867,16.6700,10.1073,0.0000,0.0833,0.0044,4.6290,5.8677
82.4000,16.5872,16.6700,10.1065,0.0000,0.0828,0.0044,4.6272,5.8673
82.5000,16.5876,16.6700,10.1057,0.0000,0.0824,0.0044,4.6253,5.8670
82.6000,16.5880,16.6700,10.1049,0.0000,0.0820,0.0044,4.6235,5.8667
82.7000,16.5885,16.6700,10.1041,0.0000,0.0815,0.0043,4.6217,5.8664
82.8000,16.5889,16.6700,10.1033,0.0000,0.0811,0.0043,4.6199,5.8661
82.9000,16.5893,16.6700,10.1025,0.0000,0.0807,0.0043,4.6181,5.8658
83.0000,16.5898,16.6700,10.1017,0.0000,0.0802,0.0043,4.6162,5.8655
83.1000,16.5902,16.6700,10.1009,0.0000,0.0798,0.0042,4.6144,5.8652
83.2000,16.5906,16.6700,10.1001,0.0000,0.0794,0.0042,4.6126,5.8649
83.3000,16.5910,16.6700,10.0994,0.0000,0.0790,0.0042,4.6108,5.8646
83.4000,16.5915,16.6700,10.0986,0.0000,0.0785,0.0042,4.6090,5.8643
83.5000,16.5919,16.6700,10.0978,0.0000,0.0781,0.0042,4.6073,5.8640
83.6000,16.5923,16.6700,10.0970,0.0000,0.0777,0.0041,4.6055,5.8637
83.7000,16.5927,16.6700,10.0963,0.0000,0.0773,0.0041,4.6037,5.8634
83.8000,16.5931,16.6700,10.0955,0.0000,0.0769,0.0041,4.6019,5.8631
83.9000,16.5935,16.6700,10.0948,0.0000,0.0765,0.0041,4.6001,5.8628
84.0000,16.5939,16.6700,10.0940,0.0000,0.0761,0.0040,4.5984,5.8625
84.1000,16.5943,16.6700,10.0933,0.0000,0.0757,0.0040,4.5966,5.8622
84.2000,16.5947,16.6700,10.0925,0.0000,0.0753,0.0040,4.5949,5.8619
84.3000,16.5951,16.6700,10.0918,0.0000,0.0749,0.0040,4.5931,5.8616
84.4000,16.5955,16.6700,10.0911,0.0000,0.0745,0.0040,4.5913,5.8613
84.5000,16.5959,16.6700,10.0903,0.0000,0.0741,0.0039,4.5896,5.8611
84.6000,16.5963,16.6700,10.0896,0.0000,0.0737,0.0039,4.5879,5.8608
84.7000,16.5967,16.6700,10.0889,0.0000,0.0733,0.0039,4.5861,5.8605
84.8000,16.5971,16.6700,10.0882,0.0000,0.0729,0.0039,4.5844,5.8602
84.9000,16.5975,16.6700,10.0875,0.0000,0.0725,0.0039,4.5827,5.8599
85.0000,16.5979,16.6700,10.0868,0.0000,0.0721,0.0038,4.5809,5.8597
85.1000,16.5983,16.6700,10.0860,0.0000,0.0717,0.0038,4.5792,5.8594
85.2000,16.5986,16.6700,10.0853,0.0000,0.0714,0.0038,4.5775,5.8591
85.3000,16.5990,16.6700,10.0846,0.0000,0.0710,0.0038,4.5758,5.8588
85.4000,16.5994,16.6700,10.0839,0.0000,0.0706,0.0038,4.5741,5.8586
85.5000,16.5998,16.6700,10.0833,0.0000,0.0702,0.0037,4.5724,5.8583
85.6000,16.6001,16.6700,10.0826,0.0000,0.0699,0.0037,4.5707,5.8580
85.7000,16.6005,16.6700,10.0819,0.0000,0.0695,0.0037,4.5690,5.8578
85.8000,16.6009,16.6700,10.0812,0.0000,0.0691,0.0037,4.5673,5.8575
85.9000,16.6012,16.6700,10.0805,0.0000,0.0688,0.0037,4.5656,5.8572
86.0000,16.6016,16.6700,10.0799,0.0000,0.0684,0.0036,4.5639,5.8570
86.1000,16.6020,16.6700,10.0792,0.0000,0.0680,0.0036,4.5622,5.8567
86.2000,16.6023,16.6700,10.0785,0.0000,0.0677,0.0036,4.5606,5.8564
86.3000,16.6027,16.6700,10.0779,0.0000,0.0673,0.0036,4.5589,5.8562
86.4000,16.6031,16.6700,10.0772,0.0000,0.0669,0.0036,4.5572,5.8559
86.5000,16.6034,16.6700,10.0765,0.0000,0.0666,0.0035,4.5556,5.8557
86.6000,16.6038,16.6700,10.0759,0.0000,0.0662,0.0035,4.5539,5.8554
86.7000,16.6041,16.6700,10.0752,0.0000,0.0659,0.0035,4.5522,5.8552
86.8000,16.6045,16.6700,10.0746,0.0000,0.0655,0.0035,4.5506,5.8549
86.9000,16.6048,16.6700,10.0740,0.0000,0.0652,0.0035,4.5489,5.8547
87.0000,16.6052,16.6700,10.0733,0.0000,0.0648,0.0035,4.5473,5.8544
87.1000,16.6055,16.6700,10.0727,0.0000,0.0645,0.0034,4.5457,5.8542
87.2000,16.6058,16.6700,10.0720,0.0000,0.0642,0.0034,4.5440,5.8539
87.3000,16.6062,16.6700,10.0714,0.0000,0.0638,0.0034,4.5424,5.8537
87.4000,16.6065,16.6700,10.0708,0.0000,0.0635,0.0034,4.5408,5.8534
87.5000,16.6069,16.6700,10.0702,0.0000,0.0631,0.0034,4.5391,5.8532
87.6000,16.6072,16.6700,10.0696,0.0000,0.0628,0.0033,4.5375,5.8529
87.7000,16.6075,16.6700,10.0689,0.0000,0.0625,0.0033,4.5359,5.8527
87.8000,16.6079,16.6700,10.0683,0.0000,0.0621,0.0033,4.5343,5.8525
87.9000,16.6082,16.6700,10.0677,0.0000,0.0618,0.0033,4.5327,5.8522
88.0000,16.6085,16.6700,10.0671,0.0000,0.0615,0.0033,4.5311,5.8520
88.1000,16.6088,16.6700,10.0665,0.0000,0.0612,0.0033,4.5295,5.8518
88.2000,16.6092,16.6700,10.0659,0.0000,0.0608,0.0032,4.5279,5.8515
88.3000,16.6095,16.6700,10.0653,0.0000,0.0605,0.0032,4.5263,5.8513
88.4000,16.6098,16.6700,10.0647,0.0000,0.0602,0.0032,4.5247,5.8511
88.5000,16.6101,16.6700,10.0641,0.0000,0.0599,0.0032,4.5231,5.8508
88.6000,16.6104,16.6700,10.0635,0.0000,0.0596,0.0032,4.5215,5.8506
88.7000,16.6108,16.6700,10.0630,0.0000,0.0592,0.0032,4.5199,5.8504
88.8000,16.6111,16.6700,10.0624,0.0000,0.0589,0.0031,4.5184,5.8501
88.9000,16.6114,16.6700,10.0618,0.0000,0.0586,0.0031,4.5168,5.8499
89.0000,16.6117,16.6700,10.0612,0.0000,0.0583,0.0031,4.5152,5.8497
89.1000,16.6120,16.6700,10.0607,0.0000,0.0580,0.0031,4.5137,5.8495
89.2000,16.6123,16.6700,10.0601,0.0000,0.0577,0.0031,4.5121,5.8493
89.3000,16.6126,16.6700,10.0595,0.0000,0.0574,0.0031,4.5105,5.8490
89.4000,16.6129,16.6700,10.0590,0.0000,0.0571,0.0030,4.5090,5.8488
89.5000,16.6132,16.6700,10.0584,0.0000,0.0568,0.0030,4.5074,5.8486
89.6000,16.6135,16.6700,10.0579,0.0000,0.0565,0.0030,4.5059,5.8484
89.7000,16.6138,16.6700,10.0573,0.0000,0.0562,0.0030,4.5044,5.8482
89.8000,16.6141,16.6700,10.0568,0.0000,0.0559,0.0030,4.5028,5.8479
89.9000,16.6144,16.6700,10.0562,0.0000,0.0556,0.0030,4.5013,5.8477
90.0000,16.6147,16.6700,10.0557,0.0000,0.0553,0.0029,4.4997,5.8475
90.1000,16.6150,16.6700,10.0551,0.0000,0.0550,0.0029,4.4982,5.8473
90.2000,16.6153,16.6700,10.0546,0.0000,0.0547,0.0029,4.4967,5.8471
90.3000,16.6156,16.6700,10.0540,0.0000,0.0544,0.0029,4.4952,5.8469
90.4000,16.6159,16.6700,10.0535,0.0000,0.0541,0.0029,4.4937,5.8467
90.5000,16.6162,16.6700,10.0530,0.0000,0.0538,0.0029,4.4921,5.8465
90.6000,16.6165,16.6700,10.0525,0.0000,0.0535,0.0028,4.4906,5.8463
90.7000,16.6167,16.6700,10.0519,0.0000,0.0533,0.0028,4.4891,5.8461
90.8000,16.6170,16.6700,10.0514,0.0000,0.0530,0.0028,4.4876,5.8459
90.9000,16.6173,16.6700,10.0509,0.0000,0.0527,0.0028,4.4861,5.8457
91.0000,16.6176,16.6700,10.0504,0.0000,0.0524,0.0028,4.4846,5.8455
91.1000,16.6179,16.6700,10.0499,0.0000,0.0521,0.0028,4.4831,5.8453
91.2000,16.6181,16.6700,10.0494,0.0000,0.0519,0.0028,4.4816,5.8451
91.3000,16.6184,16.6700,10.0488,0.0000,0.0516,0.0027,4.4801,5.8449
91.4000,16.6187,16.6700,10.0483,0.0000,0.0513,0.0027,4.4787,5.8447
91.5000,16.6190,16.6700,10.0478,0.0000,0.0510,0.0027,4.4772,5.8445
91.6000,16.6192,16.6700,10.0473,0.0000,0.0508,0.0027,4.4757,5.8443
91.7000,16.6195,16.6700,10.0468,0.0000,0.0505,0.0027,4.4742,5.8441
91.8000,16.6198,16.6700,10.0463,0.0000,0.0502,0.0027,4.4728,5.8439
91.9000,16.6200,16.6700,10.0459,0.0000,0.0500,0.0027,4.4713,5.8437
92.0000,16.6203,16.6700,10.0454,0.0000,0.0497,0.0026,4.4698,5.8435
92.1000,16.6206,16.6700,10.0449,0.0000,0.0494,0.0026,4.4684,5.8433
92.2000,16.6208,16.6700,10.0444,0.0000,0.0492,0.0026,4.4669,5.8431
92.3000,16.6211,16.6700,10.0439,0.0000,0.0489,0.0026,4.4655,5.8429
92.4000,16.6214,16.6700,10.0434,0.0000,0.0486,0.0026,4.4640,5.8427
92.5000,16.6216,16.6700,10.0430,0.0000,0.0484,0.0026,4.4626,5.8426
92.6000,16.6219,16.6700,10.0425,0.0000,0.0481,0.0026,4.4611,5.8424
92.7000,16.6221,16.6700,10.0420,0.0000,0.0479,0.0025,4.4597,5.8422
92.8000,16.6224,16.6700,10.0415,0.0000,0.0476,0.0025,4.4582,5.8420
92.9000,16.6226,16.6700,10.0411,0.0000,0.0474,0.0025,4.4568,5.8418
93.0000,16.6229,16.6700,10.0406,0.0000,0.0471,0.0025,4.4554,5.8416
93.1000,16.6231,16.6700,10.0402,0.0000,0.0469,0.0025,4.4539,5.8415
93.2000,16.6234,16.6700,10.0397,0.0000,0.0466,0.0025,4.4525,5.8413
93.3000,16.6236,16.6700,10.0392,0.0000,0.0464,0.0025,4.4511,5.8411
93.4000,16.6239,16.6700,10.0388,0.0000,0.0461,0.0025,4.4497,5.8409
93.5000,16.6241,16.6700,10.0383,0.0000,0.0459,0.0024,4.4483,5.8407
93.6000,16.6244,16.6700,10.0379,0.0000,0.0456,0.0024,4.4469,5.8406
93.7000,16.6246,16.6700,10.0374,0.0000,0.0454,0.0024,4.4454,5.8404
93.8000,16.6248,16.6700,10.0370,0.0000,0.0452,0.0024,4.4440,5.8402
93.9000,16.6251,16.6700,10.0365,0.0000,0.0449,0.0024,4.4426,5.8400
94.0000,16.6253,16.6700,10.0361,0.0000,0.0447,0.0024,4.4412,5.8399
94.1000,16.6256,16.6700,10.0357,0.0000,0.0444,0.0024,4.4398,5.8397
94.2000,16.6258,16.6700,10.0352,0.0000,0.0442,0.0024,4.4385,5.8395
94.3000,16.6260,16.6700,10.0348,0.0000,0.0440,0.0023,4.4371,5.8394
94.4000,16.6263,16.6700,10.0344,0.0000,0.0437,0.0023,4.4357,5.8392
94.5000,16.6265,16.6700,10.0339,0.0000,0.0435,0.0023,4.4343,5.8390
94.6000,16.6267,16.6700,10.0335,0.0000,0.0433,0.0023,4.4329,5.8389
94.7000,16.6270,16.6700,10.0331,0.0000,0.0430,0.0023,4.4315,5.8387
94.8000,16.6272,16.6700,10.0327,0.0000,0.0428,0.0023,4.4302,5.8385
94.9000,16.6274,16.6700,10.0323,0.0000,0.0426,0.0023,4.4288,5.8384
95.0000,16.6276,16.6700,10.0318,0.0000,0.0424,0.0023,4.4274,5.8382
95.1000,16.6279,16.6700,10.0314,0.0000,0.0421,0.0022,4.4260,5.8380
95.2000,16.6281,16.6700,10.0310,0.0000,0.0419,0.0022,4.4247,5.8379
95.3000,16.6283,16.6700,10.0306,0.0000,0.0417,0.0022,4.4233,5.8377
95.4000,16.6285,16.6700,10.0302,0.0000,0.0415,0.0022,4.4220,5.8376
95.5000,16.6287,16.6700,10.0298,0.0000,0.0413,0.0022,4.4206,5.8374
95.6000,16.6290,16.6700,10.0294,0.0000,0.0410,0.0022,4.4193,5.8372
95.7000,16.6292,16.6700,10.0290,0.0000,0.0408,0.0022,4.4179,5.8371
95.8000,16.6294,16.6700,10.0286,0.0000,0.0406,0.0022,4.4166,5.8369
95.9000,16.6296,16.6700,10.0282,0.0000,0.0404,0.0021,4.4152,5.8368
96.0000,16.6298,16.6700,10.0278,0.0000,0.0402,0.0021,4.4139,5.8366
96.1000,16.6300,16.6700,10.0274,0.0000,0.0400,0.0021,4.4126,5.8365
96.2000,16.6303,16.6700,10.0270,0.0000,0.0397,0.0021,4.4112,5.8363
96.3000,16.6305,16.6700,10.0266,0.0000,0.0395,0.0021,4.4099,5.8362
96.4000,16.6307,16.6700,10.0262,0.0000,0.0393,0.0021,4.4086,5.8360
96.5000,16.6309,16.6700,10.0258,0.0000,0.0391,0.0021,4.4072,5.8359
96.6000,16.6311,16.6700,10.0255,0.0000,0.0389,0.0021,4.4059,5.8357
96.7000,16.6313,16.6700,10.0251,0.0000,0.0387,0.0021,4.4046,5.8356
96.8000,16.6315,16.6700,10.0247,0.0000,0.0385,0.0020,4.4033,5.8354
96.9000,16.6317,16.6700,10.0243,0.0000,0.0383,0.0020,4.4020,5.8353
97.0000,16.6319,16.6700,10.0239,0.0000,0.0381,0.0020,4.4007,5.8351
97.1000,16.6321,16.6700,10.0236,0.0000,0.0379,0.0020,4.3993,5.8350
97.2000,16.6323,16.6700,10.0232,0.0000,0.0377,0.0020,4.3980,5.8348
97.3000,16.6325,16.6700,10.0228,0.0000,0.0375,0.0020,4.3967,5.8347
97.4000,16.6327,16.6700,10.0225,0.0000,0.0373,0.0020,4.3954,5.8345
97.5000,16.6329,16.6700,10.0221,0.0000,0.0371,0.0020,4.3941,5.8344
97.6000,16.6331,16.6700,10.0217,0.0000,0.0369,0.0020,4.3928,5.8342
97.7000,16.6333,16.6700,10.0214,0.0000,0.0367,0.0020,4.3916,5.8341
97.8000,16.6335,16.6700,10.0210,0.0000,0.0365,0.0019,4.3903,5.8340
97.9000,16.6337,16.6700,10.0207,0.0000,0.0363,0.0019,4.3890,5.8338
98.0000,16.6339,16.6700,10.0203,0.0000,0.0361,0.0019,4.3877,5.8337
98.1000,16.6341,16.6700,10.0200,0.0000,0.0359,0.0019,4.3864,5.8335
98.2000,16.6343,16.6700,10.0196,0.0000,0.0357,0.0019,4.3851,5.8334
98.3000,16.6345,16.6700,10.0193,0.0000,0.0355,0.0019,4.3839,5.8333
98.4000,16.6346,16.6700,10.0189,0.0000,0.0354,0.0019,4.3826,5.8331
98.5000,16.6348,16.6700,10.0186,0.0000,0.0352,0.0019,4.3813,5.8330
98.6000,16.6350,16.6700,10.0182,0.0000,0.0350,0.0019,4.3801,5.8329
98.7000,16.6352,16.6700,10.0179,0.0000,0.0348,0.0019,4.3788,5.8327
98.8000,16.6354,16.6700,10.0175,0.0000,0.0346,0.0018,4.3775,5.8326
98.9000,16.6356,16.6700,10.0172,0.0000,0.0344,0.0018,4.3763,5.8325
99.0000,16.6358,16.6700,10.0169,0.0000,0.0342,0.0018,4.3750,5.8323
99.1000,16.6359,16.6700,10.0165,0.0000,0.0341,0.0018,4.3738,5.8322
99.2000,16.6361,16.6700,10.0162,0.0000,0.0339,0.0018,4.3725,5.8321
99.3000,16.6363,16.6700,10.0159,0.0000,0.0337,0.0018,4.3713,5.8319
99.4000,16.6365,16.6700,10.0155,0.0000,0.0335,0.0018,4.3700,5.8318
99.5000,16.6367,16.6700,10.0152,0.0000,0.0333,0.0018,4.3688,5.8317
99.6000,16.6368,16.6700,10.0149,0.0000,0.0332,0.0018,4.3675,5.8316
99.7000,16.6370,16.6700,10.0145,0.0000,0.0330,0.0018,4.3663,5.8314
99.8000,16.6372,16.6700,10.0142,0.0000,0.0328,0.0017,4.3651,5.8313
99.9000,16.6374,16.6700,10.0139,0.0000,0.0326,0.0017,4.3638,5.8312
